galactic year,galaxy,existence expectancy index,existence expectancy at birth,Gross income per capita,Income Index,Expected years of education (galactic years),Mean years of education (galactic years),Intergalactic Development Index (IDI),Education Index,"Intergalactic Development Index (IDI), Rank",y,make_code
1011030,Hercules Dwarf,1.0811080666396575,82.11847653565748,30076.458562332846,0.8320377432462122,18.68038470211141,14.053559137453776,0.8826761451423579,1.078958162579268,120.96147442879277,0.03827040659356884,70
1011030,Horologium II,0.8254785365381736,63.06027163931715,21500.37661998304,0.6507780870080297,11.42166509111284,3.131735314625872,0.5730113591460891,0.4531418489834989,249.12490042870357,0.029598382711092275,73
1011030,Camelopardalis B,1.038620868623759,83.67683758918342,41529.014592905296,0.9826736064740272,19.043408716102828,9.361325140528576,0.8817039489399856,0.8785074084810108,108.91468672218978,0.0519504427336166,33
1011030,NGC 147 (DDO 3),0.8299743777949271,71.31999527368279,25865.30468533416,0.674766984648691,14.837115943422836,9.739385019885454,0.6857966893130677,0.7491629283454918,196.90693681729752,0.03187800306472599,110
1011030,Sextans B (UGC 5373),0.8474355163080451,71.65265492255449,18087.85508651529,0.6539318136020308,15.498740256617381,7.442934394009669,0.7348659281111007,0.6683848697439192,199.57858782656442,0.05436535564201861,148
1011030,ESO 410-G005,1.0396763700402505,87.73918890836416,31331.044829476006,0.7529915058831869,16.94105380656147,12.634690317970884,0.8803258063412521,0.8330195051355491,158.66262189358872,0.0651416869609891,59
1011030,Boötes II,1.0280485679586917,95.55136441647043,37585.20793361076,0.9094650226637808,17.641969243044226,12.934133942610865,1.0516165011824985,0.9298918650636756,84.76348030003105,0.07275388678950923,30
1011030,ESO 321-014[70],0.9909993879195842,81.13652693149696,34518.72306470198,0.8912093388024633,17.997073538605413,11.88067591400424,0.9264857450746178,0.849683681109899,104.99363204319476,0.058246388405007836,56
1011030,Andromeda XXIV,0.7224505052625835,67.01629949414014,22849.18308464988,0.6708893831936134,12.621486969805524,6.69776883735404,0.4880808543891872,0.7220672766465788,241.76853679925537,0.031476525286453394,17
1011030,Pisces IV (Andromeda XIV),0.9358039365914412,78.44107258948245,25260.063918652515,0.681303256804505,15.240632998054545,13.377252812142205,0.8534047865428943,0.6990573037082636,212.5573670404143,0.05727423073617077,137
1011030,IC 10 (UGC 192),1.0838412193354725,87.11793920912575,51963.96787275499,0.9523763324886404,21.474229753888867,18.58808328133162,1.0795147466198771,1.1934575370426899,21.661026148807192,0.2612715160062916,76
1011030,NGC 1569 (UGC 3056),0.8742325418620878,70.29206479439404,30897.870232972582,0.5625876800589134,14.85662434530293,10.943738719286804,0.7290234337618621,0.6911656022623266,187.75053653867084,0.03055308036134285,111
1011030,KKh 98,0.8735650308715779,80.24833796095696,19593.589484959542,0.872201171113278,14.422230856338198,13.130396396724947,0.7776644581900213,0.8297438341873421,171.2844170279608,0.04710208003040839,92
1011030,Sagittarius Dwarf Sphr SagDEG,0.9766309816882592,85.0919165824419,34884.17752557933,0.9228868623953208,20.308355275958377,14.36568466208626,1.0021919307328655,1.0730938346082153,98.57737904425088,0.06785612064818748,142
1011030,Pegasus III,0.7203691513885597,67.03514725984316,35699.561080473875,0.967975228927231,11.230023296719203,8.403521142447449,0.8020310444572522,0.5635364917121766,163.58201190840452,0.024167632829951047,128
1011030,NGC 5206,0.7028899372027441,60.88061354684052,9722.218081607758,0.6805222465921558,15.108980520004422,8.177267808041696,0.7097939041331435,0.6715074949896774,169.08071353809748,0.0322220264245775,123
1011030,Triangulum Galaxy (M33),0.9790854096547896,82.06557406023825,32523.216565881517,0.8491296938367764,16.62159876390362,8.709459086714013,0.8630014068174066,0.8734775970204456,159.08522269287988,0.03426367114303508,151
1011030,Tucana III,1.028159707911512,85.5322036110592,35150.066280078085,0.9037408697014504,14.901504222944805,10.703554035016957,0.950680917072393,0.7671999785415656,150.44632161095598,0.054087541609062366,155
1011030,Andromeda XXVIII,0.8557152482448804,82.92445240892584,47550.044865019816,0.9646790972638776,18.89785020455405,15.724131750724444,1.0335493085419545,0.99760835609678,122.99161157104679,0.09732695770102097,22
1011030,Cassiopeia III (Andromeda XXXII),0.9749860892893684,87.33279194244572,27410.0310991308,0.9199699003412176,16.245641708561422,12.68217170546983,0.9682737903331984,0.9371185447861508,146.75724875788538,0.053742417629322865,42
1011030,KUG 1210+301B (KK98 127),0.8655473650793201,77.16337227143559,16473.179889875555,0.5975505452484557,13.960754038477775,5.302519897920318,0.6950787387606465,0.6232807711744573,186.39355194655246,0.036802327647812,94
1011030,UGC 4483,0.7430450848939679,72.9775353194378,7098.7457896355445,0.584525925578833,14.497926937338526,9.876490127241736,0.6228392283101964,0.5943683676197866,229.74585639152875,0.03156731522315258,157
1011030,Andromeda XXII[57],0.9860766166378596,85.12024506466199,42883.57075018313,0.8698399758729944,19.58407145560529,15.204899817173496,0.9141708493982152,0.7611575101805329,123.01632251322548,0.0690442738728212,16
1011030,NGC 404,0.9715820736013596,81.28289502562652,25543.182442037207,0.8954847072170735,17.2200356885718,12.934627429497946,0.8816969162454082,1.0077387919573615,124.4984574393828,0.06537172991951268,119
1011030,Cetus Dwarf,1.086554020471132,95.39882777664131,54534.55150471264,1.0505169015903375,21.788312109954614,14.231174908556714,1.0250749257552825,1.0920625223329925,74.67517097565295,0.5504836830750172,43
1011030,"Holmberg II (DDO 50, UGC 4305)",0.9733851869414626,83.9539553438362,73954.69451312741,1.1615182472461114,14.097535647702415,14.46659573124671,0.9712156984622792,0.7685215178678428,91.4463176690625,0.04187979691854227,71
1011030,Andromeda XXIII,0.8397469265994291,78.00178245928082,23555.88484754067,0.8496285490688418,17.062234952396118,10.85208650989475,0.7836845468725522,0.7044595394967882,148.44664298572866,0.04975606659222853,15
1011030,UGC 9128 (DDO 187),1.0320101264940362,89.13201035538565,30997.759864175518,0.8878338903449462,16.512996860690087,12.31272736357584,0.9635062863993076,0.8444735285226497,123.69509575772308,0.05217020812815898,163
1011030,DDO 99 (UGC 6817),0.9220790653079024,82.31266012470718,41383.728886467215,0.9791669202722943,18.52452140863379,13.305983803908413,1.0129053724745327,0.8974259097146025,93.61793597480928,0.07279372190293876,48
1011030,HIZSS 003,1.1362105019063629,91.81029919467218,39115.0829365862,1.0025274437498402,21.44502921579932,16.439823903400022,1.1047131745905938,1.0004324495075978,34.895019461054915,0.16493577105756665,69
1011030,NGC 3109,0.9848404388019104,84.47557955425637,21820.70938995421,0.7720387707280969,14.575349311124615,7.547225337565546,0.7568552236015628,0.5972011669075552,163.40782596893828,0.0404025253886513,117
1011030,Boötes IV,0.8600395142230256,83.25114288712022,31816.3296298724,0.8170318212661897,13.98555417918826,8.541336787479262,0.8698219846134537,0.7183734373692074,137.60548809543448,0.04969854395846185,32
1011030,UGC 9240 (DDO 190),0.858769935271395,74.00866444636691,21554.38061845133,0.6345629562522136,14.213374199142681,7.943653405891597,0.7915121918490631,0.5904492999458111,213.85291707663345,0.030784601981171836,164
1011030,Andromeda XVIII[60],0.8694633377886559,76.5697990232295,20286.90821987513,0.7689088766710844,12.765996041309144,9.787914954070724,0.8064200157844313,0.7557650616493057,199.38703727182568,0.0290765548816323,13
1011030,Ursa Major I Dwarf (UMa I dSph),0.9884490269013244,84.16831123797603,26452.14020321741,0.9578951304567492,17.7389133243365,11.399413120641801,0.9071623805633916,0.7861670119869869,159.91457591556926,0.04753408250737379,173
1011030,ESO 540-030 (KDG 2),0.8561900906446591,80.9105188239092,24928.005763441466,0.8280093901534601,16.345511700668453,13.45245535911054,0.8584960209562884,0.7971445636967829,169.2576016203699,0.04988538063297554,60
1011030,UGC 8651 (DDO 181),0.6370486608742005,62.145003459076484,16409.041786557376,0.6780482801111493,11.400179442310922,6.9271331716380455,0.6332484956632735,0.5461202968617076,208.7936328840965,0.028311403330078533,161
1011030,MB 1 (KK98 21),0.9729464841481328,84.78222004225405,36763.845154014314,0.9984492288626788,15.61783746885216,15.64965595827002,0.9546385837630356,0.9012953183839844,114.38050705598295,0.17208359355010372,106
1011030,KKH 12,0.7060415538343838,60.198497953898155,25762.770536875283,0.6030119497964015,13.197222634667439,7.443527010902946,0.5264373418468403,0.5467358608738578,222.73682451964345,0.027815756834139616,86
1011030,Andromeda XIX[60],1.1430182924984715,86.88656628966513,42883.60989049157,1.0346619043804774,18.551151156083208,13.341606635873418,0.9862226415484054,0.9446333966646244,84.23295851591487,0.16581009245474165,10
1011030,Andromeda XV,1.0869235213849455,85.85877565379214,46720.5269463417,1.055219689848766,20.43542939153201,15.588565071982664,1.0321773687277565,1.0741113998499152,69.3869070883246,0.19075565324532304,11
1011030,Indus II,1.049015135351153,90.7063015952895,33511.71048729418,0.9499213637093236,19.458717546896718,13.931823755915158,1.020629843600612,0.8948081058941093,77.94547947677255,0.08205218615417709,82
1011030,Tucana Dwarf,1.0853536929474359,87.94213955872068,87942.72324911761,1.177146937674582,16.900896212457116,15.567887383286395,1.086430045702431,1.0456283841101264,66.22491013638981,0.3064625422675257,153
1011030,NGC 5237,1.1088572287294525,89.45099645600239,75097.77723368486,0.9688162021256796,19.604572208891486,16.940258571818347,1.147622777595361,1.1341600058014532,59.8550688081891,0.09971018296013978,124
1011030,Horologium I,0.9371018162261756,85.57264475203642,15349.535443208597,0.7752995653592711,15.607137852037232,9.793678904882801,0.8110123003838831,0.6490230925785119,171.80417439873472,0.045179709198499673,72
1011030,Grus II,0.9876612704025975,73.21081915125276,30552.643454472767,0.8152351409222567,17.488430358505287,11.377012006322055,0.7629614945067954,0.7465081858369449,135.9674418909575,0.037819746486514434,67
1011030,Tucana IV,0.7596172610450534,60.81838297292515,27496.21787006059,0.6537084244700206,14.808973570898347,4.896907966162784,0.7387713522580892,0.6195574933307465,192.53438094941518,0.029577201104784127,156
1011030,IC 1613 (UGC 668),0.7739792298400855,66.65270910964989,9683.675142291253,0.5183088179379332,12.860663468361304,5.751389879131029,0.5681744775215307,0.4755932901393071,202.92115148326286,0.030095460546850968,77
1011030,Cetus III,0.5763589656192337,49.560997958016884,28347.482558887823,0.898933055342472,15.412325764874018,8.214959579366436,0.7198828170241163,0.7619568165814701,205.893030040438,0.029675349366938275,44
1011030,KKR 03 (KK98 230),0.9578217570221592,81.67788742692811,35147.78743717815,0.8445852314337144,16.040443899888267,16.4552604377644,0.8815329292758479,0.9992998709338521,115.11373970071229,0.03540268155775728,88
1011030,Grus I,1.0098526689992444,85.62714901031502,21783.743145336102,0.9728910053207168,17.635780315970074,11.33103626349052,0.9414005002160614,0.8336641519392368,121.25140602636385,0.06874252462184582,66
1011030,Virgo I,0.5818294352035531,59.27991565596535,13763.559005911775,0.4759754002871666,10.023447960203915,5.5019105464774,0.6138677921461437,0.5244894282104728,266.96925752615977,0.029836174230962964,176
1011030,Andromeda II,1.0985141945664074,88.47131045967518,45907.88814925325,1.0007113944358603,21.3685695964902,13.781150262435277,1.0058218321305503,1.1667826649673616,76.4718630620085,0.14388356063625066,2
1011030,Maffei 2,0.9488967427839003,79.03737284120831,13138.522038430758,0.6997870291555688,14.365451569788403,8.127076003423376,0.773855513824387,0.5177128737821152,188.86234335098897,0.03424120613526915,109
1011030,UGCA 86,0.8888877068063884,83.38930270700017,34766.43171362135,0.7454556486668589,12.60390043194155,7.368224230964187,0.7061629230448006,0.6057416391678623,207.78109321163618,0.032900828850629726,171
1011030,IC 342,0.9979665228071994,83.72232273105178,40987.4546602865,0.9697317509153413,16.17226261634895,13.33279742256972,0.9582037821818304,0.9515260164072712,76.71801797547296,0.05541515846229938,79
1011030,Pisces II,0.9976240770392772,88.14683207967433,28875.771213358228,0.9007266160634436,15.878805358864536,11.791018228399734,0.8591899774131775,0.7538944915772516,143.1467129829174,0.04445855711835457,135
1011030,Andromeda XXV,0.931738628230546,76.99954246402949,30384.128964021784,0.8783929207268548,13.85615312367366,10.482989368624215,0.8494886109219054,0.6971607993960643,153.13618994588296,0.04005077473280316,20
1011030,Ursa Minor Dwarf,1.02020900704569,77.22488794979364,106579.76840752923,1.2191916805884504,16.54108738765721,12.370133356066788,0.9934297820516612,0.8381513871031294,92.49140901575308,0.03963141299248263,175
1011030,NGC 2366,0.9494865836343328,79.59063407478509,22172.381422424663,0.6390123703092623,12.62623906371157,14.700046539978276,0.7989932139082804,0.8372697970822601,170.32065010343788,0.0432149985768302,113
1011030,GR 8 (DDO 155),1.0030298298158364,82.07633263228574,36614.74834232625,0.8984178209857429,16.252805557468232,11.199988986226597,0.8462293548846378,0.8024535963329341,152.37497297631927,0.04632026278266177,65
1011030,Draco II,0.7804724795243295,74.24664118451958,26950.048387323463,0.5283509633257968,13.58429790482663,7.324883884719938,0.6631932366559544,0.511143774014574,240.07465775424163,0.03262280129575157,51
1011030,Phoenix Dwarf Galaxy (P 6830),1.0129327064472622,91.78740845059109,48049.38231775502,1.0590177122977822,17.560932078204203,16.122197054356942,0.9367893066510578,0.9061727229719336,82.66616291014708,0.2085606865213756,130
1011030,Pegasus Dwarf Sph (And VI),1.0948901512809328,89.40709815867253,50012.2674955626,1.014337574594277,18.23960166408344,13.375153359760768,1.0132988044037927,1.0333101043432085,97.73970288882664,0.16366235078726646,127
1011030,NGC 55,1.0046559054927109,90.08897514816505,54923.91425818193,1.06392377745858,17.056785285719823,13.109150973676641,1.0171703280860784,0.8615425295554946,112.25733847160984,0.09471005624431927,125
1011030,Boötes I,0.8005926917513247,68.27529295357438,31642.403496014136,0.9273168037361312,15.40227251759674,11.261534790180733,0.8284739265607521,0.8784297224452295,172.10908795512054,0.034004847202478206,29
1011030,NGC 300,0.7778952887007338,65.71432518177912,12088.888069513692,0.5152277056323238,7.7572441313543425,4.983147282623528,0.590864464187703,0.3747655994131959,245.3486888325129,0.027579675624698208,116
1011030,FM2000 1,0.8948600635541859,84.83264327312756,41502.707183934384,1.003460240543147,16.997936859492686,13.139349962640393,0.9623271726806788,0.9563158062729118,117.95684044782637,0.052756152749114715,63
1011030,UGCA 276 (DDO 113),1.01499173180652,84.9072850989517,27843.987641248208,0.8109167582956791,17.552164649474367,10.294197431265717,0.8826897306959625,0.7471868366793835,141.01526168298858,0.030297448509223224,168
1011030,Willman 1,1.011217885674961,82.44351939877893,65010.158552190725,1.0364395926378072,16.406069355977948,10.698937371711224,0.8642270419205796,0.7432550197481245,86.29756087448477,0.042659104604193865,177
1011030,Eridanus II,0.8944932861850097,75.00256465899382,25085.765779431524,0.8200935631420716,19.665749587255537,13.223141546954956,0.8504421260241277,0.7931936640420743,165.7091872284493,0.044779478441468464,62
1011030,UGC 8508 (I Zw 060),1.125529861754402,94.40884164852147,46054.534601472245,0.9995748354299788,20.608321326971886,9.836603174908284,0.9788426767793028,0.9540645259916136,101.51555776764135,0.13980258360631315,160
1011030,Reticulum II,0.91564592644532,81.99253215401009,37332.67541788485,0.9722444489225792,14.315206728984409,11.360316663598649,0.8614296232075466,0.8437111922425364,118.51080470142121,0.11544096152141947,139
1011030,Pisces Dwarf,1.0228895358880372,85.08274307675723,27168.09419147864,0.7698662857587188,16.88899996471147,12.283378146125289,0.9136926726977876,0.9741075658205454,145.0864705138872,0.053374287487620416,133
1011030,Antlia Dwarf,0.8839869202987131,78.42533700143288,17788.052250397624,0.7455039704494278,17.379652362926365,13.597884422320336,0.8383535358220191,0.8656523764682234,176.5383400174903,0.04916882320695815,25
1011030,Pisces V (Andromeda XVI),0.6541242926267996,68.57102926820836,17158.094970493334,0.5743771542496136,11.142931778003065,7.249103300682763,0.6974890228918232,0.5339058379217926,209.11773379805462,0.029662701515655417,138
1011030,Andromeda XII,1.0997255829146304,84.55071338257194,29573.752776063244,0.9447047196633804,16.73131269890867,8.372133710070852,0.9090485959039798,0.7126268812166483,139.70309375610384,0.06583360489308465,9
1011030,Andromeda VIII,0.495218624155756,54.67076466343154,24827.111367277597,0.7119668636519755,13.527322140938516,7.696233164179469,0.5323859138459497,0.7539615471023271,204.57719618119484,0.029234410686047707,6
1011030,Dwingeloo 2,0.7903818068131317,72.9043732550405,13539.045166509317,0.6354085560498113,12.161492887008949,4.240538577392792,0.7307383019441318,0.5669208913852677,225.44206318907584,0.031152283068152983,53
1011030,Andromeda XX,0.9647674237096456,79.49233565088491,26874.778657437208,0.7281946854730177,12.906678662154162,8.444993716268383,0.7129873275906917,0.6024562221883831,180.44340061788918,0.03952169622367574,14
1011030,Aquarius II,0.7865873328149113,73.938990627882,30500.450245612687,0.6918356933385172,12.641536443465405,7.269214131571587,0.8350222247210649,0.7174633855231112,217.56844622343812,0.03421451281814192,27
1011030,KK98 35,1.1200135078221256,91.14842459525049,80121.65497918753,1.163386801416222,21.16744242365353,16.21143674780904,1.0450526367947006,1.0909354302248782,71.94659159702432,0.2668248366078867,83
1011030,Sextans Dwarf Sph,0.6869316944185914,65.09683414618381,28378.29589615496,0.6238905509113511,14.317602651507013,8.02275946266049,0.6574388482181737,0.6116329428822885,208.66339491428602,0.030761479036043763,149
1011030,UGCA 292,0.885536232540781,78.34877280952665,21201.624572520293,0.9243501595790552,14.568679883006654,10.754650816617978,0.820548687334381,0.8989014005104772,161.1679635490656,0.04488968959604312,169
1011030,Canes Venatici II Dwarf,1.059335517707923,82.3863866501386,45395.87674396692,1.0492804342220132,19.167029738853667,15.185415624939015,0.9662288389043524,1.00816785613877,93.22697713568172,0.3087296088594771,35
1011030,Ursa Major II Dwarf,1.091604723101805,95.5622894800178,63561.528596085096,1.1108833619676317,26.95594394872916,16.036888134918765,1.140321571747602,1.0850465648901948,62.079040960913076,0.19308279864664835,174
1011030,M32 (NGC 221),0.9161958952378932,71.97319060780944,28236.460898517475,0.8957437177311807,12.512652806158755,9.280556569523986,0.8342525363764117,0.7181284102101755,191.3556556790731,0.041249064226768994,105
1011030,Pictor II,1.0568916433179931,88.16967750209362,55068.55633565878,1.1325569595206058,23.278072994138665,14.45171493895998,1.1201247801815726,1.0489534509044809,68.14486722580365,0.2295639262988524,132
1011030,Leo IV Dwarf,1.057588807402366,90.26828052377616,59074.757062448094,1.0740586928592208,21.081241031094052,18.023784808613048,1.1307631258957906,1.087909232255403,42.13927780061401,0.29443013282453634,100
1012036,Ursa Minor Dwarf,1.0422399427832807,89.96086595670326,98554.9244032376,1.2617452685156412,17.722528009457427,11.64047818347964,1.0298619957751216,0.8654685809784373,114.2429142402727,0.040040122219084366,175
1012036,NGC 5102,1.0838066433935338,87.42033790360647,61057.801087786094,1.1101890893066226,16.69803490549397,15.320563315387542,1.0195140180062998,1.2237938579427745,96.3276661713287,0.1766751460637046,122
1012036,Sagittarius Dwarf Sphr SagDEG,1.1031893226041898,86.38740555371935,37760.297754198655,0.9449377536265696,21.297655163250155,13.206953989173725,0.92294155502709,1.0900704029162882,94.7475554201942,0.06893376539976792,142
1012036,NGC 147 (DDO 3),0.9010700207311032,73.08739211607418,26452.023935786543,0.7349798888291512,13.950991466746473,8.891444896870148,0.6845019112298131,0.6364920023673626,188.1888596300888,0.032254327635960145,110
1012036,Cas 1 (KK98 19),0.92045452162592,87.39965478783462,28858.18605649493,0.9608917741491264,17.713005550591372,8.561440135003629,0.9395780880307028,0.8280949763870133,163.47400982295636,0.05355349479636429,39
1012036,Cassiopeia III (Andromeda XXXII),0.9773393857316676,79.02053203873754,27352.60800184429,0.8620557442366811,16.798459960304175,12.808058600732474,0.8617488158247271,0.7385965144843541,173.94436824562425,0.05390649306760365,42
1012036,KK98 77,0.7210485955320941,61.09925780047821,23450.36844242372,0.6489637303791339,11.25341517174597,9.896907113409895,0.6706090480635,0.8490398850112508,194.80811494720317,0.032830905619621216,84
1012036,Andromeda II,1.0707485763169586,87.14950915246081,30312.894630247552,1.0435801404086185,20.890411744717287,12.632183924395836,1.0229899346264646,1.0108561167457226,76.5193020550557,0.14448057002876502,2
1012036,Andromeda XXVIII,0.948278565964271,82.03346487439111,32731.49882087898,1.0914318177580644,16.88879294932973,15.697212610854034,0.9742024620434072,0.9651487341106478,96.88597810995478,0.09998678579145737,22
1012036,Antlia B,0.6582880821817667,64.78120749803529,25553.920603316757,0.6866362205005851,13.04140276801201,6.8076032065148695,0.4878920939370595,0.5532375583037834,251.05565184103028,0.02951313766547592,24
1012036,Cetus Dwarf,1.069519009697295,94.70398909598238,52783.92977520687,1.06755677889713,23.61566376694148,16.148566697852555,1.1095398405795578,1.0541011251881391,54.6758863967583,0.5266772840337739,43
1012036,Ursa Major I Dwarf (UMa I dSph),0.9522371881698534,89.2474945834798,39771.744753244486,0.8908681720210123,16.800123193461534,10.840183010162981,0.9418621318211104,0.919455476937498,151.70361150768838,0.0492554414867612,173
1012036,Andromeda XII,1.0680728996553408,86.28341677163618,28113.084955236558,0.7957300339833313,15.986303091952696,9.319620253494264,0.9149441200157322,0.7033450117937312,121.9271027200067,0.06718138156882257,9
1012036,Grus II,0.9147094178897948,74.75294593823162,16864.304866850267,0.7843988936337472,16.5504201951936,10.488506120116359,0.8070650520797095,0.7873825287545566,170.60403910993713,0.038014524378673364,67
1012036,UGCA 15 (DDO 6),0.8682981120010125,79.54902641860708,26130.381836915487,0.8961470770548239,14.690086709953418,13.018008779049056,0.8291625318442313,0.8183263544064299,131.14024533584006,0.03496618408624952,167
1012036,Andromeda XXIV,0.7070797731926726,68.70748070485904,13430.368274477669,0.5401136044944757,13.770138539256154,8.13374915405705,0.6303357519393747,0.5226721875551437,223.3658224660417,0.03130346803562223,17
1012036,"Sextans A (92205, DDO 75)",1.0601794846164374,87.50200501531214,29401.44543660164,1.0374252277049556,17.527664059988375,16.035424508311518,0.9651056342955956,1.0793622974730872,105.52895696136456,0.11975596510584753,147
1012036,Sextans Dwarf Sph,0.6825754365322345,64.26487085231483,17349.807205209432,0.7115056736417839,13.399277355430494,7.982080652837949,0.5996740140931671,0.6891374035103061,222.66729198915988,0.031132167408660538,149
1012036,Draco II,0.8693154788616012,72.39455193294131,23465.632110893755,0.5770730451794933,12.00859848884317,6.435404338174952,0.6930449455973089,0.6285599624094471,258.5129132079776,0.033879573684722934,51
1012036,Boötes IV,0.9186784472419376,82.20793291807827,41166.140684873884,0.7607153604368517,14.320084759179053,8.095680947587471,0.8445595291712854,0.7616715333869011,174.79250339719738,0.0495815449310929,32
1012036,Pictor II,0.9425114948910996,93.01356676478196,65321.74188324111,1.2576782755688336,22.645893932658034,15.29879175616405,1.186641533866179,1.0164586883272588,56.08216805422435,0.2238476958235005,132
1012036,NGC 3741,1.0618305847756306,88.73682858635445,73924.09342486189,1.0872957868502169,19.15094026520764,15.639673945166841,0.9688537947115,1.066562754517756,51.38614337975864,0.4339137821039519,118
1012036,MB 3,1.0566754462152188,90.99318473112992,89048.7485740343,1.2991111962672637,17.977289266894015,15.232492072832338,1.05140066473739,1.0746211298824104,62.01212843529994,0.32951173489924024,107
1012036,Eridanus II,0.9185028219388852,71.81422802825409,34121.375540589965,0.8741653516389589,17.40198872485037,13.207385118147798,0.7903999560125237,1.024262359296784,125.5106459804483,0.04527033809605519,62
1012036,IC 10 (UGC 192),1.0559005303080615,87.6252617515152,68534.7086465802,1.015986971534039,19.627309384083432,18.24853287910978,1.1176385625172398,1.1726484806356672,63.445637737802926,0.2637333135003741,76
1012036,Triangulum Galaxy (M33),0.9413250161246328,81.83059871855242,34714.50283388846,0.943600134528928,15.297700066048613,10.451137168284278,0.8775336765791824,0.8052233859320996,147.64692047828143,0.0343440100636313,151
1012036,Pisces IV (Andromeda XIV),0.9177710587195204,82.48027577778701,31773.61624367667,0.7133694740750622,15.5189462293725,11.899671443032751,0.8806444760996498,0.9398613374872038,153.56215931335515,0.04939554603536889,137
1012036,Dwingeloo 1,0.9656857937855744,86.5098811929673,26878.01502746876,0.8219745060728273,15.232616282726159,13.714167335394777,0.8661301628547732,0.8716560252160351,141.54949487577713,0.05970816010829784,52
1012036,Tucana Dwarf,1.0411437067787683,91.31169531725344,77056.03401471376,1.1505657862047116,18.13362966750232,14.821959626016364,1.0082576706625248,0.9243333559971456,69.96239379048536,0.35145420591820953,153
1012036,KKH 37 (Mai 16),0.8764424690825873,74.67111918139894,22529.303932766343,0.8838110098393476,18.329120749231752,13.86204254566998,1.0611161165376102,1.0192873989120022,119.55833669790657,0.08699519366837105,87
1012036,Pisces II,0.891160114001205,81.77452046982799,33701.180261924295,0.9565379264061415,16.810446651191594,11.234706634986555,0.8786891750419381,0.7462522988721518,166.68032900646216,0.044145243751739886,135
1012036,Andromeda XXII[57],0.9525041870804636,87.84405062513426,25736.161501983188,0.9375332207840632,19.551155249556786,12.341394675266102,0.9492497841113609,0.7871287551122607,141.97541567694188,0.07027988931317343,16
1012036,Andromeda XX,0.9526387261913196,86.49164454751279,14810.985859574092,0.6924054829371297,13.502396585071526,8.886043086363571,0.7667392895259457,0.5401727632105409,203.7823962150581,0.04063821763503495,14
1012036,UGCA 105,0.8970512635066616,80.05762982026458,29654.01430770752,0.7348529374782554,15.295328952854993,14.348690885580508,0.8815000825438745,0.9432917889861654,163.6923042440425,0.035374942436992685,165
1012036,ESO 383-087 (ISG 39),0.912602540645974,76.66020720415527,19931.03212094144,0.7153938065525031,11.764024992388912,5.14626599536058,0.632465969209976,0.5912276906137239,198.89436476774898,0.03210908550909242,58
1012036,Pisces Dwarf,0.9126622106996212,81.48373722067666,23652.571133668647,0.7189760448068664,15.744031668091733,13.192437749564624,0.9125294035412859,0.9664834929337446,141.39298947361164,0.051004050504025344,133
1012036,Indus II,1.1036508576198736,91.66382803297243,34514.388481408365,0.9063971222252972,16.44357864379129,14.731762249514821,0.9597982420963036,0.8750617254481363,83.12643234787423,0.08394405551709594,82
1012036,M32 (NGC 221),0.9134992294285016,76.38169399874805,31994.406477525343,0.8660772841062369,14.31513408047218,10.015783997298943,0.84864675651913,0.8048564260876346,196.95712648638928,0.041500240585539035,105
1012036,KKH 11 (ZOAG G135.74-04.53),0.8627825882849789,83.70607708006689,37527.777252411564,0.9523498559000828,16.856222936231614,13.239981709607955,0.93741519786498,0.8569233419394404,93.3041195143263,0.10058175074356868,85
1012036,Pegasus III,0.6971173002216535,72.07216424325911,48891.09268049996,0.9972427294158779,12.273822443552476,8.616374233926841,0.8724048527191639,0.7522330694653465,189.08829365721627,0.024147790404644875,128
1012036,Donatiello I,1.0681586183701366,90.97847627892963,47287.475621075515,1.091072749542986,18.28285299973416,11.735360225248769,1.0924957470254957,1.0521061691252709,56.94947803593912,0.18377772082064348,49
1012036,Horologium I,0.9714142255920456,78.41145439389183,23152.83376824585,0.7877269824209402,16.126532041926048,9.671927420232736,0.8973609600457662,0.7786895435357943,186.989467279824,0.04669468119088505,72
1012036,NGC 247,0.9094163148106852,78.52232863495813,25713.891889974893,0.6134543752973971,13.473662091980513,9.339959803475931,0.7456122148316809,0.8016669025532994,185.9712606550956,0.037951967055345766,115
1012036,Andromeda XV,1.0881332904318073,91.80700113557647,49830.08634926978,0.9685907414234278,17.416594734949655,16.756757009132134,1.1306106179899498,1.1080527477258122,67.50837027327515,0.19214610080964634,11
1012036,Andromeda XXV,0.8029301074291055,84.39446435360422,29245.169750684126,0.9178705173087724,14.512559318197527,10.687507764752773,0.8203852701955012,0.6238888299652156,201.52815728789318,0.042009706352078124,20
1012036,Tucana III,0.9910625965256664,86.81041442472237,25382.5364897104,1.0142900792694978,15.67443983463489,10.110859434335381,0.9283677648084736,0.7837546522509854,127.29149694205336,0.05437913949808404,155
1012036,KKs 3,0.8261648195620253,82.04292536384327,14640.655654756787,0.7733847246854995,10.557348651421801,7.5496064232866384,0.5939733129590082,0.6171342841219697,209.58998393930847,0.03566210883855925,93
1012036,ESO 540-032,1.0294837120681737,87.76085120901048,31644.809218559447,0.6762485725046159,16.328641637534204,11.838621916490785,0.7787834681171502,0.8033010243998981,152.1531073716719,0.06873596626029921,61
1012036,KKR 25,0.5651343997130222,59.03273872573421,30538.667572199847,0.7220082297016915,12.72039827094352,10.866118341132042,0.6437747694526812,0.6343102487805121,199.4615659779964,0.030083788557932038,89
1012036,Pegasus Dwarf Sph (And VI),1.2094617528914369,84.86785110579453,51966.30013975949,1.0455094282726676,22.21156231739664,16.41706343745099,1.0297856743511589,1.0623713504174357,68.82487355474886,0.16461510576054195,127
1012036,Pisces V (Andromeda XVI),0.7496922955110741,68.43876765108271,15440.261478321714,0.6119090185247651,12.779460542561138,6.075085931326227,0.6951656723166688,0.4102086021185653,213.31645347194905,0.029926699766922863,138
1012036,Boötes I,0.929646606524529,84.64583381371169,36238.623820218185,0.957973933254314,15.451922111952634,12.507995793400529,0.7980596123504783,0.7478852797969828,165.259525090908,0.03468644104065921,29
1012036,IC 3104,0.7976738510329717,67.22590067212728,14023.822985096223,0.6938615035595527,13.5753008175049,4.633288940979871,0.7506981778020558,0.616498939034677,185.67677064063702,0.024531525506895413,78
1012036,ESO 294-010,1.0309260808698122,91.18374871717798,81174.31467154276,1.2002789527805902,21.955690970102285,15.498863172463784,1.0147293661761911,1.1734340603656477,40.39969702930686,0.3403767167661645,55
1012036,Canes Venatici II Dwarf,1.108278764652819,90.6805497496842,36051.22714195645,1.0220189052858402,20.852352308451927,14.891219269050493,0.9850397841493612,1.0517470614069584,73.48774886402953,0.2892078873132855,35
1012036,Leo IV Dwarf,1.1326609547712452,86.36116856124887,76675.8854202918,1.0875581938140728,21.192787831644086,15.591698851722805,1.1079245372275175,1.0240228798687618,40.587564942239744,0.2818826803331135,100
1012036,IC 4662 (ESO 102-14),0.9866598629704624,88.29673801509895,37885.015677848816,1.0291631298815338,15.474407199932015,11.985312169078293,0.8686602713306929,0.8074519400240472,196.81054998245102,0.04816575031352577,80
1012036,UGC 8833,0.8394657343653815,75.51572637182561,19227.46304669445,0.8529624126909556,16.62421459731841,7.543233447220618,0.7903649936820595,0.6779039732312778,170.36157148158742,0.03736552052604458,162
1012036,UGCA 133 (DDO 44),0.8424610449393299,73.99895310982444,18071.440367149928,0.5379609307932506,11.940966106748615,8.008655402276139,0.6569401739922859,0.5696031591241077,224.3022335945539,0.033776924572197935,166
1012036,Tucana IV,0.8229542318366387,66.46989241383218,21821.246807453463,0.5949014266237467,13.810952813353401,5.036761838856415,0.6255338877024278,0.5643086992982124,222.266085378548,0.029770769760114387,156
1012036,UGCA 438 (ESO 407-018),1.0220653440799756,81.83276982208105,26078.07621502308,0.757781096866913,16.050883609802803,10.341818399232196,0.7448497845824347,0.923587686927779,184.10670510357656,0.056828829541614063,170
1012036,Grus I,0.9962935640697492,89.69490750055563,33875.4996092179,0.9576050941033176,18.133655495646032,10.326346967712599,0.9350549257548424,0.8252436249183783,88.77528410834006,0.06970164971776238,66
1012036,Leo P,1.09236282884377,91.41553675391391,68039.6341737058,1.1584178436065211,20.374154988885145,14.583746973831186,1.1685655038983656,1.0005465933694837,60.651468144628474,0.2578933972924297,101
1012036,NGC 4163 (NGC 4167),1.0410520784330497,89.3457308490539,74370.53917236764,1.0821254620302498,18.910212456477726,11.933305322864618,0.9860085665565332,0.8183781809406732,76.68744056956302,0.039162503364513324,120
1012036,Willman 1,1.0190511046731208,88.8580017501543,57791.69734635961,1.1208651163100665,16.485194503030268,12.87329878693034,1.0102746375248648,0.9171924008395816,107.0391832375404,0.044089398299118836,177
1012036,UGC 4879 (VV124)[61],0.8165433343751758,83.1606013350911,20148.02582392421,0.7530026752385042,17.604440320840702,14.753488725253627,0.7740937184676786,0.9509912641677526,174.7599020566196,0.066012921483531,158
1012036,NGC 4214 (UGC 7278),0.999331111317742,79.04459355091177,19685.378592573226,0.7257949549013208,14.188722208004966,13.0978297994178,0.8270262497592376,0.9488271226110164,154.03096887887997,0.029539423849437082,121
1012036,Virgo I,0.5506765137059451,58.415492805413116,25305.806804148848,0.5871384211398661,8.192366451569649,5.975481609878839,0.4961150965011423,0.4249868404062112,233.45308548668226,0.029937024240156762,176
1012036,Cetus III,0.5550185161105112,54.18946091409293,27207.582812351364,0.8855325880082436,16.03155579657731,10.143624929505274,0.6724731650721281,0.8153575904518364,174.86620219132615,0.030315618841955105,44
1012036,Reticulum II,0.993617035680146,82.33270623112817,30563.768362811512,0.9507156886245268,14.519931494548613,13.901331301749293,0.9493732368972292,0.9761562355954764,132.35221615412826,0.1172507083519867,139
1012036,Andromeda XIX[60],1.0957950119401112,90.3140287281498,47567.74147163709,1.1149893565874032,15.92031120566942,14.334315279312491,1.0956572501541673,1.0124794281579683,79.484542366026,0.1671586920527639,10
1012036,Phoenix Dwarf Galaxy (P 6830),1.1319361792215348,92.28087438488927,58287.565208283304,1.0586571699335074,18.05552778931521,13.872780008873825,1.0772566919442987,1.1312486441087768,104.18257552036712,0.21466536035461686,130
1012036,ESO 274-01[70],0.7953846476805064,72.76105023113435,24489.831564650594,0.7914568560769496,11.685020984956456,6.112898461144187,0.6612946142108882,0.4714271604196159,218.4135745902459,0.029127115773828982,54
1012036,KKh 060,0.735621527610185,65.21868400738371,32475.888394071368,0.8007199258685799,15.827023813089747,9.380932414943896,0.7179672123578638,0.8846007703807933,151.63832001502374,0.0326099898718869,90
1012036,Hercules Dwarf,1.0051771477446048,87.36571569565544,24973.765163067656,0.9122992416805228,18.665825940153773,14.731280861134296,0.9246219610362616,0.8595724418822026,135.41207559882716,0.03759666776799009,70
1012036,ESO 325-11,1.0055915189763525,88.92841252591141,36210.61947353013,1.0404167950561432,19.07305352474719,9.733848061936438,1.0063837210415385,0.7665558513479063,103.16987318137922,0.07148863094157787,57
1012036,UGC 7577 (DDO 125),0.9317608103165659,83.02198519215318,43189.48292789648,1.0048375249249983,18.03732312055784,16.628315431204104,0.8951297094247026,1.018452596002452,117.4988483077681,0.08872811069314024,159
1012036,Aquarius II,0.7318680686637018,74.59233655375176,23103.589916060995,0.8442851496959074,13.898903762505936,7.468776851985612,0.6493182521285134,0.7296276316694684,160.3582929256248,0.034379392903710615,27
1012036,Ursa Major II Dwarf,1.1369366939143033,94.78899590453086,68913.00958376769,1.1334008542868972,23.334624123391393,15.62239051899381,1.1160546280172183,1.1364330658517754,32.12609762910213,0.19451254727207207,174
1012036,HIPASS J1247-77,1.0050413168633874,79.24111883610487,16374.990477091902,0.5915621453236618,14.266193139734876,9.25105959362107,0.6977674935074942,0.6609732259361155,172.76196242554818,0.049066418546699575,68
1012036,KKh 086,1.0850807499341393,87.62893834802117,151072.68315568598,1.1494916982446357,17.477401384555762,11.512845416921682,1.0302506355520764,0.8819314547035604,88.78167647798313,0.045700417933264965,91
1012036,IC 5152,0.9814982256464434,88.46899957772146,24841.88229543156,0.6859436910803167,14.592072479305234,10.114346086042662,0.7224066327273581,0.7005353604075184,182.7984898553148,0.04233988858917892,81
1012036,IC 1613 (UGC 668),0.8489567460974009,66.970518697082,17264.625168584895,0.6290541247353281,12.02085739144116,6.911221275774713,0.6521962343364054,0.5113790974933415,214.67469226035718,0.030187550273680475,77
1012036,Maffei 1,1.1214239189105049,86.77149478543238,47970.244081674464,1.10139556945404,21.00019289286336,14.60151082811002,1.0838237628708454,1.1072180780079928,92.72139700559809,0.2973822307763281,108
1012036,Boötes II,1.0358314908119717,84.01316142124922,27722.890109375094,1.0044068955580512,17.731874914347557,12.108194120080714,1.0757832242877785,1.0155372358457329,95.10176726221728,0.07390944009945499,30
1012036,Andromeda VIII,0.5979458845257516,54.20918962213703,11073.44767357714,0.6885526427645999,15.307839904953976,9.900885535892176,0.7966642369408943,0.7022321252012144,185.81543939431717,0.029434942574053213,6
1012036,NGC 2403,1.0966934994406312,90.54401081293926,30133.56747505998,1.0583169733251798,17.813530864089294,13.203842335409824,1.0266316928291568,1.0039240350030891,82.36009508332918,0.12498513651410847,114
1012036,Andromeda XXIII,0.9226893822916272,82.86380088765566,31824.606641524653,0.8298398222566017,16.604239495352356,12.769073288655978,0.9049152746077702,0.6625079717758504,149.30592798780916,0.050659084432048807,15
1012036,Horologium II,0.7378410682198568,64.84637587354284,21564.54522575709,0.6608193810505547,11.653468872786926,5.912149174241858,0.5435228276204088,0.477562566197703,229.4882079320577,0.030127556317415264,73
1012036,UGCA 92,0.7823391895303266,72.77985539442544,30853.868220460936,0.8517009339309263,17.057800686020645,12.94948948608276,0.8990070708957281,0.8406124955758119,166.9839429587393,0.03613160038830898,172
1013042,KKs 3,0.9313775460983298,74.6361638169152,25122.98851381053,0.7409812249082018,11.323627349280589,9.519636721908194,0.5365110071570413,0.6063891430255393,200.17451761551868,0.02836050555212555,93
1013042,Donatiello I,1.0937073960848542,90.8717606124895,48516.161859862776,1.0650232470913312,20.54832981347641,12.931364929026016,0.9873941259705492,1.016946092277886,98.47065023181877,0.1824435461134636,49
1013042,Cetus Dwarf,1.1208601483748628,88.27523103644579,56524.75572035303,1.1238550947073227,23.208494299694586,16.984813699687695,1.0565917138953935,1.1148981134201694,39.043941387872245,0.6838126553011508,43
1013042,Segue 1,0.7732308823740768,72.27812431234297,27378.641941148682,0.7969646358725894,14.714768138122716,8.203852422205253,0.6303774948849108,0.6222002056593865,215.52828151749318,0.020578219211250248,145
1013042,Reticulum III,0.6538247177222115,58.45127696150561,11481.316683212788,0.648924490774537,12.161913271450992,2.4347862437695467,0.5495028747224593,0.5078049046262723,244.75163528828224,0.020226293785719832,140
1013042,Coma Berenices Dwarf,0.9574383345254672,84.30090067163827,35591.71487598418,0.9312514042822788,17.285588438570823,15.945778477211588,0.9756548254143074,1.0501317740689196,124.15750721136564,0.12214893958330465,46
1013042,IC 4662 (ESO 102-14),0.9277030941111544,88.4405199917861,31075.170077971638,0.8950729447748438,16.59141738386991,11.992198044792294,0.9037701280026582,0.7599527976593689,105.83094053553516,0.04227000797767366,80
1013042,Cas 1 (KK98 19),0.9968125278810404,82.34577978702985,19240.57541922256,0.7781591050827211,19.57091245683228,8.691754589673133,0.8362867013494227,0.9184335955535354,158.1920254805527,0.04972468719932655,39
1013042,Triangulum II,1.2469083702468475,92.18880504277729,65635.11750981942,1.1378915665344076,20.138353266844774,15.111696960720296,1.0600114478139402,0.9887465488251632,75.90584461705491,0.2921736038411149,152
1013042,NGC 5102,1.0744893422680049,91.61598122678804,59098.449903369416,1.0964299727451294,20.861973080849953,14.99721327697428,1.0091528535026657,1.0404617455087686,69.22604190370042,0.18297772924399447,122
1013042,Carina III,1.0203304094768872,84.37558653333241,28087.36813953992,0.8608342240791736,15.797847207348552,15.469185439891099,0.8997026376024635,0.8447636338926786,110.79837618063677,0.06367391601387884,38
1013042,UGCA 438 (ESO 407-018),0.9434603599208304,86.89112294555288,11785.456844189453,0.7469384783916474,16.402890996155435,12.200649649803331,0.8634276061312092,0.9317711630411544,163.05867867107662,0.049250642764791734,170
1013042,Andromeda XIX[60],1.0736355753145088,92.44198999304035,51208.81892927236,1.047239281237484,19.27112452717685,15.027862678939115,1.020352684955881,0.8999899566266613,51.61189959616233,0.17241629478851372,10
1013042,UGCA 105,0.9476824968135786,78.8661664203618,23344.828181640987,0.6961389540375541,18.10496430138805,14.37428141238142,0.8172087389161863,1.0357331939540542,162.8206379161719,0.027794347246502427,165
1013042,ESO 540-032,1.0045336479613605,81.57322774841231,16850.656589398513,0.8225038174249112,14.660945226458464,9.469292682824497,0.7757316661411972,0.7626026988167077,174.4073916937395,0.057746689763714436,61
1013042,NGC 4214 (UGC 7278),0.9460301390851636,81.1892593554212,25053.788407429325,0.7596639037908013,17.178712757331546,15.625119783482518,0.929174103221225,0.9161194084314686,159.5460743443184,0.022005628413008127,121
1013042,ESO 274-01[70],0.8004704067631334,76.08520948275638,16405.93899288722,0.7491158041113436,11.66800218450972,6.758947382251318,0.6940597028659321,0.536308997684765,222.02258273058484,0.021663971097410358,54
1013042,UGCA 92,0.7937316368268587,71.70078864071658,22992.82458204641,0.8056568300665173,15.137156053604429,14.675940547282579,0.8219834704035016,0.8758475600600337,149.487516357177,0.029698058054093424,172
1013042,Andromeda XXIII,0.898209979045805,77.61297787871368,34536.81221170372,0.8904251635620593,16.127150414403072,11.17250339884516,0.8491809251135276,0.7962048211122914,172.61387731649017,0.04327392980926759,15
1013042,Cetus III,0.6592654839162708,69.15209549829821,27116.541714410254,0.8165933971234262,14.453901343924418,7.930061113345414,0.7948982027519893,0.6635049437656425,190.96576930185205,0.02360845988917404,44
1013042,Pisces IV (Andromeda XIV),0.9123978157124362,74.61431152806814,22844.22322015988,0.7348173510080713,17.059770931482735,14.623968178840899,0.8057578548448223,0.8226764835724502,185.0161834846181,0.042183506780457465,137
1013042,Pegasus III,0.7665937493414376,66.57294733476661,32491.708040239922,1.0879504224287846,9.865868667464813,8.307247273520064,0.7590610240156132,0.6412329584293049,192.0139139803354,0.016542611543030942,128
1013042,Leo IV Dwarf,1.0674873308254418,92.24762772872046,67488.20019147673,1.1904011107697543,21.667918257641983,16.157582093296476,1.1246276603829108,1.1769627031236178,28.452555550903462,0.282051387564394,100
1013042,Dwingeloo 1,0.8986620757654389,84.67067621063548,31252.37306452197,0.8598699847767509,15.21433050289469,11.593218077503185,0.9189347729645041,0.8204735836441477,149.87074790973963,0.05295771643767322,52
1013042,IC 1613 (UGC 668),0.7751242924144889,71.92002842905381,16323.080719993108,0.6686454368658237,11.062453307924972,7.937529005995327,0.6445056764162099,0.5358871095469186,234.69211356922,0.02243476293707669,77
1013042,Andromeda II,1.1187340814572584,93.27701729306118,24015.822433943682,1.0410763826171363,18.700473321830962,15.888933878142733,1.006145519875412,0.9642716949966909,58.68403606617645,0.1835604712091924,2
1013042,Pisces Dwarf,1.0637293574983862,87.53111412466379,24923.200105301774,0.8816768909160103,17.18743227076755,11.870097022891505,0.9464317878426354,0.8717871272215746,145.76016240593623,0.04439953366749472,133
1013042,KKh 086,1.000201868571278,85.48469878426475,130011.14201510295,1.2215516728016331,15.406811781456748,14.228656916704807,0.9999119058806116,0.7753454057487571,111.15410158608185,0.03992356902305394,91
1013042,IC 10 (UGC 192),1.0688381988839493,92.25742625581276,51811.09510802769,1.1069305366934363,21.122466764718485,16.878976741022193,1.1483177695901092,1.1664831950050767,48.49345178678834,0.2916731511352728,76
1013042,Canes Venatici II Dwarf,1.1220224928507088,88.72241835845249,43514.13432909621,1.1720336393134552,22.214488900817365,16.27774282543757,0.9243636824604872,0.9947846085117286,93.52881209420777,0.3079324716515069,35
1013042,Andromeda XXIV,0.8047799448667387,68.91321213716319,24909.17661599857,0.5331425373951296,13.837899451376142,8.050312570516171,0.6122526604188363,0.6392777613512408,234.1826528864397,0.02400430797400721,17
1013042,Hydrus I,1.003390288921047,90.88508988008171,26787.444453419677,0.8502130297024507,18.169483855779546,12.265644445558296,0.8992327381558364,1.0701859803391909,92.81056591914304,0.06772728572260589,75
1013042,UGC 8833,0.795792953353049,79.41393712988331,40702.38345840747,0.7072461044569579,16.480250136551145,7.589490428494508,0.7901141936374525,0.7973354770415259,200.56723913820468,0.028679827691124208,162
1013042,Boötes III,1.0645423848991191,80.63734912123984,30088.12176097227,0.8611655000821767,16.23413467964617,11.222212171802301,0.9425633006894316,0.9145898169007258,133.17503792845105,0.04409914926880343,31
1013042,HIPASS J1247-77,0.9071467212180064,84.52207183066777,15324.880375634624,0.7435230328542302,13.954505581878376,10.555178855988633,0.6943349577013774,0.6746087504942352,178.67418077177842,0.03556020547890515,68
1013042,ESO 325-11,1.000643313985515,85.43117055847759,37802.687044913015,0.9796158751910032,20.173206541811822,11.507529755717751,0.9748130695292648,0.8823613983420613,69.76825366064396,0.06566260265235202,57
1013042,M32 (NGC 221),1.0121902174353896,85.69165663869265,35504.07684151245,0.9532837221896976,16.04161259865848,8.786109484061878,0.8362106110160322,0.5773655842741531,170.0456267046915,0.03537269133105325,105
1013042,KKH 37 (Mai 16),0.8871920803272695,74.59930276034784,32566.86371167439,0.8032302952940042,19.48936930109395,14.48921248789499,0.8741409151991666,0.8255077018469931,135.08498503049177,0.08124159875463988,87
1013042,Sagittarius II,0.9787947460087132,78.620298563402,37083.072724226615,0.996317605792114,17.180800535290278,13.342270112294994,0.9503024222734424,0.9447780854476971,64.61348379637457,0.08157964478301982,143
1013042,Andromeda XV,1.126459739050379,91.27822082939724,53216.534091551504,1.086808576456385,19.306400615425,15.820534665321643,0.995681028875464,0.9765891833925008,53.68886062229028,0.20874386080373866,11
1013042,Draco Dwarf (DDO 208),0.7137881353809474,73.68593748383266,17666.883969858656,0.5780183732989881,14.324489862994168,8.171808231086926,0.5707441102283404,0.6926078775722823,259.1404078462674,0.02591282735476641,50
1013042,Crater II,0.7135075951187551,61.808022720192994,12720.39654790035,0.3448147542275207,13.683466433062,8.802689472474087,0.5413903299303918,0.7153968242310913,220.81783887528914,0.02296010638762036,47
1013042,Maffei 1,1.0326781451928058,95.40400583411615,43723.737815557615,1.0702065535383654,21.85947885078485,14.3684031428372,1.0797742422814136,1.0873837240015929,56.55810248619471,0.32151776337891497,108
1013042,Tucana Dwarf,1.1344049394579858,94.3191350370669,75712.93976674924,1.0693623235405263,17.16358956300117,15.55320748293288,1.0758803162950423,0.9808727619808458,72.97661240284202,0.3455692099107136,153
1013042,Pisces V (Andromeda XVI),0.7436418775765623,69.92310264554825,20308.70722364262,0.5848556251601075,11.650826908221052,7.080370810983966,0.7011589224234005,0.5801501787108346,215.31740535654626,0.02245229202201181,138
1013042,Andromeda XX,0.9870747168274728,87.67192236102768,11743.519804427742,0.6865096147363812,11.31043442679933,10.26875478320524,0.8222067562397726,0.6071352572186005,191.5568334673241,0.032723768713814216,14
1013042,MB 3,1.0311899291505509,93.34843260387615,93629.46056177662,1.1742392060876456,19.492367805904056,15.034148748923528,1.0711023544000118,0.9494978764925532,67.9518549300071,0.3560840380405331,107
1013042,Pisces I,0.9366656070962608,78.82796173420135,25671.16907757774,0.5865384797371905,11.995021951657439,8.206062086078973,0.7634333782776728,0.681573864469124,178.85162858866008,0.030617184795357463,134
1013042,NGC 3741,1.0868619624921845,89.11716280284054,48238.51703512715,1.0514643345268502,19.03650452191676,14.547498056385036,1.205997806958739,1.1414276429029666,74.24594685982395,0.4774821345113504,118
1013042,Boötes IV,0.9681808272243968,80.73684613062784,27868.49934646573,0.9762093523495056,16.434059190668737,10.014781067517667,0.8257431422360785,0.7716045321244189,163.872349848056,0.04290066956678706,32
1013042,Andromeda XXV,0.8690058590167218,78.21808356221766,33301.599939738284,0.8091919139639092,15.340632633919235,11.914169445513055,0.7905905021709759,0.8066414540852305,170.6743644506624,0.03580254312377107,20
1013042,Andromeda XXVIII,0.9671538466374496,81.3831612662373,41280.19705286638,0.9977888627594534,18.68412132350661,16.760503329055634,1.12346011108651,0.9560548735032544,127.52088406901527,0.09148761277014096,22
1013042,"Sextans A (92205, DDO 75)",0.9388394679682626,85.04428567472634,30991.374222815663,0.8940533874658029,18.638815616943177,15.48513671799359,0.9136879695991664,0.9509310594502108,74.60941277689153,0.11078829095670296,147
1013042,Andromeda VIII,0.5447065315203685,52.38931562159737,23776.73807341968,0.629184900810484,14.595774068118567,8.218061136727941,0.6779865748099907,0.6730039798739639,224.99850111583146,0.022197278762296047,6
1013042,NGC 147 (DDO 3),0.8504594511478891,74.80941282092678,20588.263352013404,0.7369728183164972,15.173154292441652,9.691975420239157,0.7034354203912431,0.7360005147795065,190.13867478240485,0.024953600761151832,110
1013042,NGC 247,0.9376377641403396,77.31402497343302,19436.773415082,0.6614980932286124,14.372459736187905,10.537326218896133,0.7978037548845297,0.8570047164355911,205.0979762163504,0.030764269300312064,115
1013042,KKH 11 (ZOAG G135.74-04.53),0.980402643721913,84.68510719139167,40036.80898684831,0.8544594315436572,18.03594495999344,13.9194410112109,0.9166780637143164,0.9337244661952628,135.6619481862977,0.08099864713338367,85
1013042,Antlia B,0.7262635140366709,64.2950934014778,14879.350133512473,0.5822594644429788,12.735694763447007,7.435637405589242,0.5971265908540324,0.4973351677163137,264.9312908237384,0.022966285074470738,24
1013042,UGC 4879 (VV124)[61],0.8475204329720747,88.36136111732306,26600.768194637618,0.8502555574703715,15.129642274857476,16.654104006320292,0.8216095369916624,0.9997762135409264,162.1454323701226,0.058232809871380124,158
1013042,UGCA 133 (DDO 44),0.8449454099943013,72.49736101420942,15336.929597223294,0.7672567029076018,13.244272593988388,8.979637275618845,0.6792366860251551,0.4722632489305114,222.345593572986,0.026287252995546014,166
1013042,Phoenix II,1.0366665985028565,80.68602601673278,34878.720461795696,0.9697814363368532,16.460927972025775,10.995003866176768,0.916526155199365,0.8902124266185714,149.54080077624303,0.05497649046858322,131
1013042,NGC 2403,0.9836234999667468,90.77711430828072,34447.5357278868,0.9783578734977484,18.553961347463503,13.993119161618928,1.0584071870110403,0.9877563267358512,70.97793719938387,0.12207489918336335,114
1013042,Carina Dwarf (E206-G220),0.7330050642492878,73.3213276474335,13353.96051129441,0.7165273322691215,13.67241609684617,6.339638832283652,0.8476909054446012,0.6392416690796014,158.26775241562484,0.02472461468121445,36
1013042,Leo P,1.0364818394657946,86.81827735740464,53982.6562957771,1.088095014294293,19.02613436459078,14.510760925626824,1.084430982993997,1.0564301534264158,37.14081087422125,0.3007085155521981,101
1013042,Sculptor Dwarf (E351-G30),1.1078718853102514,89.79972568148365,49158.18953033362,1.0911432021127359,19.39228700524589,16.236732525535373,1.0903592076636504,1.078440870547987,102.13759077593778,0.1936595778465363,144
1013042,KK98 77,0.7360218105079108,67.46983162349882,27355.05050871089,0.6792739205488714,13.5824129411608,10.040155121711138,0.6907762618772922,0.7164183761847556,205.7068230329063,0.02596723325130756,84
1013042,KKh 060,0.9185857615240872,64.35065803817065,27749.950860474022,0.8952306081702576,17.033685772216295,10.45022782946648,0.7026918364633601,0.8230324140825465,175.18812027741225,0.025347558315028,90
1013042,Eridanus II,0.8827111590016229,78.33939626034987,21328.793025915973,0.765122159501455,16.105401550777138,13.220822929638915,0.7989894572673036,0.9049896644383142,134.64441483344874,0.038584016487532964,62
1013042,IC 3104,0.8170000533316714,69.63724293696002,4073.992180737621,0.5728995828784494,9.886921726418986,8.39460577045282,0.7264989956048333,0.6791601784772349,203.6802676864033,0.016852470985467494,78
1013042,Phoenix Dwarf Galaxy (P 6830),1.1980380011345952,89.0989710554949,60558.69300057744,1.0844676231614048,18.960413288975342,13.635517450876973,0.9718804344090312,0.9380476203313659,72.84097857299146,0.21899814176572507,130
1013042,Andromeda XII,1.0573798199929476,81.40771098122896,41063.909796536165,0.9113313698335634,15.789289651806321,9.88696928445667,1.0057671576113032,0.7175013062202755,171.71298389479009,0.05731891909858944,9
1013042,Segue 2,0.8137804184764379,83.46655736582515,53618.365043079124,0.9618142888815028,16.872894647191373,13.43757730468246,0.9681864096653028,0.9996376332132436,85.59102701791983,0.05169652249853207,146
1013042,Antlia 2,1.056943816700347,86.25263825764615,32200.2978613945,1.032889697921624,17.769943959191,13.259952157041173,1.0049954307974127,0.9780919219586922,74.36946191751552,0.12756839921869945,23
1013042,Triangulum Galaxy (M33),0.8166154199665516,85.99153595478062,29988.692561281296,1.0016612429819935,16.507230310853352,11.446928160476553,0.8267462991023226,0.756362051655534,128.26742357431607,0.02560500109335695,151
1013042,Carina II,0.96288812350598,80.17676090820244,24321.325961503564,0.6971301847851776,12.135625829327266,11.604110102880357,0.7311760355796935,0.6309209982814123,231.7424510490709,0.02945927223897005,37
1013042,IC 5152,0.9956496910580804,84.0827279105885,11852.068374496499,0.6162409349000737,16.30366408366631,9.862395953853047,0.7123592308575479,0.6875031910091284,190.52269055975984,0.03618970033292357,81
1013042,UGC 7577 (DDO 125),0.8845583547068226,80.59841196563156,42507.99254573944,1.041434797436883,18.094300891810686,13.87535439544962,0.9353526005664504,1.0148180188286382,114.56056152180264,0.0688189563278877,159
1013042,ESO 383-087 (ISG 39),0.7631972386530855,76.77438013324684,20491.232503045394,0.7192084397686994,13.466018967491696,7.6955337528598,0.6716442597768603,0.5705277663075357,215.21600297763985,0.024210223045562085,58
1013042,Large Magellanic Cloud (LMC),0.8148785289517432,83.28736362636734,16453.884261751693,0.8991135662581536,14.376046513131275,6.8734622246368735,0.7699177199803311,0.5380828538991945,181.2209337021861,0.03164117191328075,96
1013042,Tucana II,0.991877599943198,81.74386292609762,32939.83654658689,0.9417128211921718,17.72058243206937,11.982224853046546,0.8690735690609868,0.8739139328560639,127.17757910563671,0.08148220672713169,154
1013042,ESO 294-010,1.0523632126680147,92.70881922035616,83687.88739657048,1.2802616729156486,21.653197254807356,14.651609936312006,1.1388331894628083,1.030230962147613,32.00567365773854,0.439572080696226,55
1013042,Andromeda XXII[57],0.9659848605787468,79.46402735841112,25698.241771735968,0.9473918128669832,18.740278398917226,11.492238897435456,0.9511235808777768,0.8898871662875345,98.67493288991392,0.0627362912081918,16
1013042,"Small Magellanic Cloud (SMC, NGC 292)",0.9658842605869812,84.05249039274446,39756.578186407285,0.999155475671198,18.86981795832895,10.191403602376043,0.9615264330779478,0.8268098695423087,161.51286615853385,0.043371056176581324,150
1013042,Pisces II,0.9658323215417772,83.02946054450719,38315.9162703365,0.9577800837671684,15.197127597498795,10.967493286230374,0.8241700666241805,0.7940634766292096,175.50460326469494,0.03790267039380602,135
1013042,NGC 4163 (NGC 4167),0.9238705578699578,88.23002108037792,71332.44851947308,1.1028536261410216,21.823412297320576,12.937155544455653,0.9999123158716088,0.994686262899532,50.900416840105706,0.03221430407351189,120
1013042,Pegasus Dwarf Sph (And VI),1.0534654650979207,98.27174910681765,43344.65618676793,1.14622468578267,20.184102887084407,15.039232714675085,1.0430122819475809,1.1003994916589772,76.10582948039324,0.17737401695231514,127
1013042,KKR 25,0.6420691923650075,61.048334268621204,21922.136748348763,0.7917428258869005,12.3866350160523,10.117109248752946,0.6139891285380985,0.6318734707092848,183.83726340545388,0.02299119877673628,89
1013042,Cassiopeia III (Andromeda XXXII),0.9424583526235966,88.4398734608818,34388.433147736854,0.8242560580650871,17.085499020607678,12.816799127090905,0.8949194849252766,0.7371310932794983,151.08974426609694,0.04797491549288524,42
1013042,UGCA 15 (DDO 6),0.8763233076540959,80.74588737866495,33655.441757167806,0.9142878178743226,15.226136666888962,10.758784501374588,0.8600735220063225,0.7724812747206873,145.35574580052054,0.027515805538159133,167
1014049,Hydrus I,1.1665664364072923,95.04410286589831,25960.604717563998,0.9117733989361216,20.07236616961981,14.189157467792239,0.9875301917556296,0.9710519257526588,99.3473773071297,0.06780960526819124,75
1014049,Phoenix Dwarf Galaxy (P 6830),1.1736746309695294,90.35143171687055,54877.59211335526,1.0342898369364977,18.281185527166016,13.873498705057605,0.9582584802961956,0.9487910609668472,94.627023037442,0.22507382392615802,130
1014049,M32 (NGC 221),0.9167732804514924,77.25920732555292,26832.97592934285,0.9591266067047528,13.300605626076472,9.228480375348008,0.8411997651500855,0.6711229938474742,176.3322321203596,0.03492816232300555,105
1014049,Andromeda VIII,0.6074127711390065,63.11604823761314,17429.20070867042,0.7988347427930775,13.442008739688948,8.155595346880903,0.6184117824751999,0.6881629857450853,199.92499153627318,0.022342460862820213,6
1014049,Boötes IV,0.9460629519535833,74.92758982742183,34966.31916905142,0.9139967213769712,13.9868318587395,9.555834069243696,0.910595448742024,0.7964763312914197,165.38939337309841,0.04305302517885445,32
1014049,Andromeda XXVIII,0.9278072028271708,88.02249871704504,32388.16663253612,1.049342669799482,16.625598792068214,14.677685628097874,1.1356885255312368,1.1344662471799627,96.89334521382034,0.09017211744922893,22
1014049,KKR 25,0.6237475611848353,59.23413265340489,30521.745800627872,0.8412587881219059,13.760683469217687,8.61173226560921,0.6343189143505595,0.7535464962771581,200.33635705060874,0.023263989558669484,89
1014049,Pisces II,0.9467573812226172,84.35551528104992,26973.39024885265,0.8713650058082807,12.723187490168948,11.828565930068764,0.9576192022818876,0.8043107479221053,150.3802467229176,0.038098520032076255,135
1014049,KKH 12,0.6227865345671015,66.51433218082713,9352.619385281649,0.7005338393589934,14.269740291981428,5.963938768876009,0.6241948744476364,0.5526506019365527,208.77832094882703,0.02085788363613428,86
1014049,Pegasus Dwarf Sph (And VI),1.101900337839208,94.20490585475716,46360.97002405894,1.0414163108078998,20.710501431924246,14.789869757346482,1.1021702679932004,1.1308314676900515,113.04003268472886,0.1827370278738405,127
1014049,UGCA 86,0.9356178531053864,88.79810734929774,15430.037277433024,0.6657544628041001,16.013940988737186,7.842640343424069,0.7224404656570085,0.6470129643512925,215.65469808429455,0.028452278128989983,171
1014049,UGCA 292,0.9138078204510351,78.62313923322422,42652.76991123557,0.9255684654906609,15.36915020022963,12.224472160515235,0.920749468938017,0.7933367546422037,154.05012769733955,0.040508347506673766,169
1014049,Maffei 2,0.9188569649443568,82.28103219206227,14869.000585962584,0.6438816737105849,14.096262334964823,7.120477060553776,0.7850770554675941,0.668365193117338,216.67527972693105,0.026900902870796828,109
1014049,Pisces Dwarf,1.1685424453870137,82.78061745809906,33182.53173293938,0.914264026733074,17.2565462282342,12.913032870835393,0.933670321199054,0.908313093696156,179.56604844192847,0.045426082534680834,133
1014049,Carina II,0.9451670801985728,87.26786951671829,31107.566538461037,0.6792518407979562,13.754409559219091,8.490329615816487,0.7589951267191208,0.6196093949449418,187.74772881649469,0.02986242495898639,37
1014049,Coma Berenices Dwarf,0.9336574633964602,82.32869813993182,35930.42174395632,0.9397606874330346,20.49771457266354,15.555334708583569,1.049713309885386,1.1352520255982554,59.09283956117174,0.12630794844313065,46
1014049,Andromeda II,1.096885329702402,90.49209679579955,46353.87801552151,0.8247162305426134,20.441777999524106,14.296767460101865,1.0207486019970813,0.9214857999185366,60.258040889056176,0.16993414095810222,2
1014049,ESO 540-030 (KDG 2),0.8315100107160022,82.63002962318055,38223.23490717627,0.8312132574530674,15.287084170972646,15.582637335088284,0.8976177933399656,0.7116325277470146,182.89671121611093,0.042407852118896416,60
1014049,IC 1613 (UGC 668),0.7539715918416598,68.48477629978834,19293.880810601648,0.6169124257546978,12.323666407161404,4.305022697277673,0.4978664632387642,0.44744221229257375,216.54301232328945,0.024038123053465414,77
1014049,NGC 5206,0.7486741568205928,72.23868963233336,25501.08708913494,0.7651009316632248,16.30008287527982,10.486074418856797,0.7314910403737568,0.6620637127831281,203.5224365683214,0.023207837623018257,123
1014049,Carina Dwarf (E206-G220),0.7573311925719657,68.58457879432406,21939.60432008496,0.6746184787674805,13.938856723318047,6.35659306294459,0.7248660858364475,0.7667431298968994,223.36743779271345,0.026719877382152868,36
1014049,Andromeda XXII[57],1.0250870812700066,80.4224861359599,30918.294315920477,0.9959304814329836,19.302509090902312,10.82651436747253,0.9395997362865992,1.0076466557970196,143.06739300374585,0.0646915464584139,16
1014049,DDO 99 (UGC 6817),1.0243044367106962,84.62367938116174,49073.260463425584,0.8331513147179017,18.263989495321,15.887454101482337,0.9563132674165484,0.9915258230551132,57.112499483071204,0.07654353199834796,48
1014049,Segue 1,0.7469293771608713,64.91203433532439,26430.96189689756,0.9488658662644264,14.086838509016275,8.544248119478416,0.6931618519250701,0.7429056757054499,215.5836340704907,0.021611470407909672,145
1014049,Andromeda XX,1.1068491601797965,81.76212723207348,16637.98433977209,0.7639889793548242,12.769619523513304,6.747717801566185,0.7409141467327304,0.6393274258193856,202.34976955418998,0.03289967792347215,14
1014049,"Holmberg II (DDO 50, UGC 4305)",1.1072355707150616,82.32040944367762,86186.59972969344,1.1586149603350064,17.314423306524205,14.805223346233365,1.0340179463332149,0.8795551467863527,89.18044660044256,0.036685606079973065,71
1014049,UGC 4483,0.7344659299677657,68.4755448576702,13569.979178316056,0.5319004051450065,15.678181193705786,7.89564924887439,0.6751997111004238,0.7090494725902253,226.83431852323707,0.023754486265426308,157
1014049,UGCA 276 (DDO 113),0.9840199531767287,78.85541585216359,25737.430950807884,0.8964373123844747,18.287601388532934,11.144883585296311,0.9055767400134958,0.9166525133860356,151.83703045572022,0.022922969489554967,168
1014049,Cassiopeia III (Andromeda XXXII),1.0342332480760796,78.61187853661427,20395.96049332321,0.8468762849362557,16.158778695724973,13.121685467035775,0.955663596803113,0.8014156279825279,138.7501734048935,0.04923096930944658,42
1014049,Draco Dwarf (DDO 208),0.7619820786172135,69.74850137005059,11647.04055416221,0.5827515864322557,16.107217216582256,4.9528470215191085,0.5601057350894613,0.6049100394106854,228.3581952805098,0.02587576365208744,50
1014049,Andromeda XXIV,0.816830795496351,67.76796736242109,14785.237625441014,0.535654719688363,14.012566597306066,7.347054358158719,0.5247526564173739,0.6602877175464024,207.15064182752155,0.02369088198229441,17
1014049,MB 1 (KK98 21),1.0133381467308284,80.23159015583734,36974.27553839501,0.9644154613699144,17.498044911631542,16.72947384155782,1.17024837706542,0.9572703964115128,96.82074284049412,0.15525801739988887,106
1014049,Crater II,0.7959684934033896,66.66565455778222,20375.52664138737,0.4721161339392407,13.554140809482467,9.248430411233553,0.6141835436714621,0.5532380025842601,254.8941846592845,0.023305000222532343,47
1014049,Sagittarius II,1.0040723335095671,81.39647901423506,41349.38666604665,0.8929492938235357,19.826568408853934,13.718495841813946,0.9919562338849296,0.9761718537892188,136.5988313696542,0.08357664554324329,143
1014049,Andromeda XV,1.1187965031935927,90.24052340754965,57383.451932685384,1.1177093495606034,20.694095108216967,17.297870649791886,1.0574356284411144,1.095440014317358,73.45549146126676,0.18860744850969013,11
1014049,KKh 060,0.7934701085474242,73.63911329173072,28404.350649383185,0.8380123946939131,15.010527987356825,11.831442958886175,0.8263074639855391,0.8006626140903013,192.43087412631715,0.025431174314853092,90
1014049,Canes Venatici II Dwarf,1.0059162937271875,91.568018593459,51229.18928504612,1.0704025579405432,21.681912808450832,15.040614273072087,1.1080313630394731,1.1000800670686546,89.55587905226895,0.3160903795008936,35
1014049,NGC 2403,1.0009768604218234,84.01685484317754,31385.562625646402,1.0127132943645756,21.668721744886483,17.242846453689328,1.0510587827004922,1.008658632843409,79.66554768145579,0.12429867010355268,114
1014049,KK98 35,1.0408566688427086,90.97538020798055,69385.02893681158,1.1906933095931782,19.277161572609774,16.403433444919678,1.0706389516157084,1.1524007287141969,76.02409492239177,0.3002725662711433,83
1014049,NGC 2366,0.7764148740950727,82.93071901472283,22607.05204556616,0.663729063740063,15.143657144153238,13.165419397802301,0.8025394234217984,0.9296535719511434,144.84228716861182,0.036289976232829035,113
1014049,Cetus Dwarf,1.1271889539448667,87.22270804458094,55587.400818974784,1.132470742682375,23.48771713592565,16.244825689845882,1.0600327916033934,1.26962522705668,85.58873673941817,0.6768333887903424,43
1014049,Pisces I,0.8147794010426912,77.02821823769213,30718.298114803798,0.7073734039650609,14.608901770875876,7.716208919442615,0.7394110229785686,0.6343698854195624,199.256651851802,0.030899073840094268,134
1014049,NGC 1569 (UGC 3056),0.8116984616028627,73.87900888398356,11522.703567972036,0.6151022058475991,14.949688027948262,9.145181973944783,0.6489970179404975,0.6056438595993647,199.05306433205646,0.02396399331834476,111
1014049,Tucana Dwarf,1.124728683009332,89.50188393723988,75817.59295924808,1.1463119716118686,15.674940568195614,13.832582461830757,1.1608287443289234,1.0566309305473978,59.24849020220961,0.3395351795893422,153
1014049,NGC 5237,1.0977573713639466,91.15208882026973,71416.75355442837,1.0856448896179152,20.86383310988037,16.200945800435612,1.2328138200140164,1.0587724395725249,95.28164150674624,0.09519429185800854,124
1014049,Tucana II,1.0186327908592892,84.65943402181878,29251.751593554283,0.9039991240798648,17.1614148964237,11.571661450137766,0.9666048750043452,0.7245634916561529,102.34678407869312,0.07780200372640611,154
1014049,IC 3104,0.8092720002562387,67.35777209774413,27852.914771552758,0.6711222830427437,12.281241385066831,7.633222030117892,0.6493788717941569,0.6407267167757378,186.27267382817917,0.01673317302087074,78
1014049,Pisces V (Andromeda XVI),0.7732600471185404,70.22207548252793,19476.57398262475,0.6529592481551048,12.461080429178322,6.967590748554296,0.6423946506636633,0.6218852467985969,237.45458869531865,0.02219217083886227,138
1014049,Triangulum II,1.0415926643032003,94.85403867847893,71646.24134475566,1.0174692127785074,18.728509153103868,15.507237548749645,1.0459560222913662,1.0761894136673755,77.11334319690394,0.2804153876368496,152
1014049,NGC 404,0.9767994394042244,81.98699582236553,32333.06343940076,0.8185252012952297,16.682637217281226,14.379312941907845,0.8427276154208776,0.9802032529283544,103.04158786555,0.07676613841106428,119
1014049,UGCA 438 (ESO 407-018),0.8945047171791681,85.04594091415906,30918.726049799738,0.7805394845345728,16.074456493366366,12.331022923266413,0.8687683733402055,0.8899421874902063,185.5416638585537,0.047247311953345535,170
1014049,Triangulum Galaxy (M33),0.8916284475153,80.79580228730393,30104.376460715986,0.9097873684619866,14.590871078484227,10.400164357704515,0.8679405532588261,0.7057703226094094,175.36569482218852,0.025068718561667924,151
1014049,KKs 3,0.8896256990853447,80.15418945556627,19971.82558147603,0.7052590336859157,12.083758838168787,8.088758402092223,0.700359285569845,0.4414294522239717,206.74114001192538,0.02814351140700333,93
1014049,Antlia B,0.6788607598185981,63.16240222188607,22144.298367881816,0.5742704422794269,11.99955367945353,5.0294391942477805,0.565047361199437,0.5809423443602556,242.57775867210339,0.022204484397068347,24
1014049,Andromeda XXIII,0.8882357787314759,81.4572942504908,24868.39924116015,0.9003069308114855,16.955948635673447,11.382966312484305,0.7965832361293332,0.7981055667968779,181.2385639558051,0.04416643442035828,15
1014049,Sculptor Dwarf (E351-G30),1.0645243940571942,88.8225911823503,59767.228985009606,1.1173844484345108,20.083440231872327,16.655711495980206,1.1379153088775285,0.9798890438280418,68.54267052131092,0.1751489248648419,144
1014049,IC 10 (UGC 192),1.059019365948453,90.36519675736777,59481.220272417675,1.0261711256367587,20.869615286175076,17.651753554043893,1.1655079300003637,1.1697809408726765,56.934310166831004,0.3028396045686769,76
1014049,UGC 4879 (VV124)[61],1.0585569767867968,83.90866742128503,31719.133806330385,0.8425873822101461,15.33193524301485,14.142246343385446,0.8021900978328119,0.9569341432347352,193.14815254046403,0.06468488053247734,158
1014049,Antlia 2,0.960941954159364,90.64123925814732,37995.921911873615,0.9922075864887612,17.919359060075852,15.256236010906134,0.948177918267452,1.0492307347164531,75.03727692948436,0.13519394903757145,23
1014049,UGC 8651 (DDO 181),0.68524901967683,66.28488309747553,28053.47033282561,0.6134552126344337,8.44484445348986,8.935542317291969,0.5479367469114287,0.4169363717743225,235.88211765513736,0.020552821881527628,161
1014049,"Sextans A (92205, DDO 75)",0.960976180423215,83.12102334868767,30316.77036080085,0.9496094863227106,17.803892611843786,13.327966377449439,0.9214355672610428,1.0035787003078056,109.35523870909412,0.10199047565600207,147
1014049,FM2000 1,0.8534073369870285,85.48228225979345,43943.31371619568,0.9165039256155396,17.762307835823353,13.414965752176988,0.9056122522035304,0.8638292576754689,112.71331175555271,0.049611479947498933,63
1014049,Leo IV Dwarf,1.065647064317221,92.28828404918673,57324.45570763456,1.1090250005457212,22.432523617779264,16.299719569572616,1.1216106561873804,1.109765895208646,64.90970290208865,0.2759187856883576,100
1014049,Reticulum III,0.6562919041370754,58.90538551621558,23112.287857054507,0.637211625774061,8.424497500949691,4.5193791061399295,0.6279414809349776,0.45017502258740666,206.1411864163781,0.019158586872537908,140
1014049,IC 342,0.9072124598433458,82.5309837554385,51906.960352739865,1.1224665504368287,15.942264834007787,15.688445917059894,0.9959517459258034,0.9239135337018924,96.9347189081082,0.04930612394797751,79
1014049,"Small Magellanic Cloud (SMC, NGC 292)",1.0709009555347149,77.60300119381743,35811.16471518466,1.0539072350974072,17.497461779160822,10.102324109570226,0.8621147543149303,0.9178847283778844,110.86109246064116,0.044124930277653074,150
1014049,Phoenix II,0.9049592858830962,86.35459365097151,30703.894330183237,0.8597327936584077,18.469249378513407,12.446922464379421,0.9589126262195518,0.8645023742430145,117.29549741290278,0.055527555891332736,131
1014049,Andromeda XIX[60],1.1541847960418246,90.58020916584258,43318.59019101339,1.035506972546956,18.638931186373764,14.213147040997246,1.0762496067441825,1.0228718481877024,92.46205136721392,0.1784906625927447,10
1014049,IC 4662 (ESO 102-14),1.066497927111727,85.4761571128862,31127.250243319937,0.9825119445661412,15.966551525816405,13.03337280482897,0.938959158827148,0.78527965028743,134.93913170573887,0.043012257151328386,80
1014049,Camelopardalis B,0.9626952881534578,86.72083904159331,35939.367224807116,0.9843435281022272,17.881278115305058,12.006170224217605,0.9898312421096346,0.8669207171402779,115.91782120058555,0.05394598195354017,33
1014049,ESO 294-010,1.047840179382262,94.07741059231928,77523.39755154021,1.0414482634561686,21.557098196040744,16.850936410808327,1.0616208176331463,1.100492276973836,56.200638599921035,0.4522243908863887,55
1014049,Eridanus II,0.8661086497559279,77.60150373270842,25795.03656052977,0.79805208445335,16.920969212482685,12.639547967579984,0.8434358137607185,0.9699137353519592,135.54348062643493,0.03846877266823734,62
1014049,NGC 147 (DDO 3),0.8670434797387991,71.15587029695412,11862.999270896902,0.8109186710419128,14.752648890011272,10.807688225210429,0.7431324131069985,0.5944727633146346,182.86815252980568,0.02486918525498072,110
1014049,IC 5152,0.967525506254006,79.1342006845383,22472.82733273168,0.7842449367310544,12.997829603623279,8.570408167915629,0.8504247685322859,0.6440541254019521,157.26761622599992,0.03832707041538942,81
1014049,Pisces IV (Andromeda XIV),0.8703506341679358,80.78139743223953,14809.966745595972,0.7049389423481001,17.556416865550478,14.358215383765593,0.8920319765298106,0.8832067097084546,168.4537543330439,0.04658284429049908,137
1014049,UGC 9240 (DDO 190),0.8610227808192418,73.90568170698188,19659.293746008567,0.5830030682614825,12.718234540776885,7.675582157651535,0.686108281641266,0.6035022091546636,210.63823954602643,0.02462217514735565,164
1014049,Boötes III,0.9725662137208564,85.01001098801999,26738.542688626727,0.7876686452827792,17.51968719174746,13.503058643851787,0.8062244595750385,0.7880449774693309,140.78484447135983,0.04445956355261282,31
1014049,ESO 321-014[70],0.9660786588140622,86.93474345762286,29310.785613643922,0.9464948658991458,18.03573560584069,10.85331146364448,0.9756479416371416,0.7680358693682585,130.86384239845341,0.052298554333569225,56
1014049,Segue 2,1.0474709903374029,85.86294192139309,44745.292389643866,1.045583588536415,15.128850436825203,15.996722916258328,0.95816919503892,0.8184110456429412,111.33676698863363,0.026457141069133442,146
1014049,Large Magellanic Cloud (LMC),0.8744761795359807,73.8964431926962,24825.70116921801,0.8488188899958211,13.816971117482819,6.697298226561108,0.8719295900038768,0.6202902536867471,178.45126663468875,0.03136023704830915,96
1014049,Andromeda XII,1.0436411102394874,87.72222817078142,27843.577867434902,0.972315115928736,14.83802939014797,7.324371064399812,0.8869771509518316,0.6612648990995702,145.61258977961168,0.05881505046260184,9
1014049,Pegasus III,0.7184127950684671,59.096691250728426,42261.916443442366,1.0030377950952143,11.158626338846679,7.64510190188799,0.669714256788239,0.6306244114861601,211.0166717586529,0.016351768796064814,128
1014049,Leo P,1.0434856444970777,91.10504195733871,69235.29693725606,1.126077700841882,21.445037610125766,15.268436384176773,1.001958920269931,1.1374809693840169,51.862000823367396,0.3042773458433887,101
1014049,Carina III,0.9640192852308712,83.93646205065549,26009.4078206047,0.8312459146284387,15.67985785711508,14.22696647950454,0.9253414007589378,0.9445193288804934,135.44865092927498,0.06582581480493488,38
1014049,Dwingeloo 2,0.853752781883148,76.25983291218711,20792.863259712933,0.6280562137520418,11.643258642884113,2.9496974349123017,0.6280915755959253,0.4836064121013591,196.6234607880204,0.024361549054233368,53
1014049,Andromeda XXV,0.963043776216712,73.43419168880199,37870.78279665966,0.8416335897983409,13.521329997331367,11.33180866172832,0.8246394252453049,0.7382793040653802,184.99581297217412,0.03588221945441361,20
1014049,Cetus III,0.7148878204044169,63.081068672310074,13803.909621643741,0.8866644726163935,14.433546979203026,8.916116222135084,0.7262938488158949,0.8097150011266159,201.43941587571462,0.02395406653599608,44
1015056,Andromeda XII,1.1228436948481035,89.59419931235239,29407.532401513825,0.7917176932123509,14.824049315101929,9.086485359319255,0.8501672610374089,0.7337801179833398,154.15805838946662,0.06141418820313116,9
1015056,Ursa Major I Dwarf (UMa I dSph),1.123089930544559,79.28711634293109,34614.04180122361,0.9802785311218418,18.579410424210515,9.525746784892046,0.9012912428888464,0.9262385704286415,120.41108447372541,0.0402059460940426,173
1015056,Andromeda IX,1.1471895922510669,92.69898955890604,44033.925421570886,1.025085263202097,19.263959776974975,15.248175618911937,1.0370908142907531,0.8821280733887844,83.35255599423817,0.2859398504564049,4
1015056,Andromeda XIX[60],1.1042985836092205,87.93701155273138,52941.88955671077,1.1393129990160502,19.92765209468353,13.234881826898635,1.0863658665366225,0.982907577647174,51.99891938796992,0.19490823071107088,10
1015056,Ursa Major II Dwarf,1.1260534361396453,91.47779371520704,65709.42304829402,1.0746226149092069,26.658594112928988,15.583388275410767,1.0666568049819312,1.0807776395818969,70.95162137961483,0.20400181026350395,174
1015056,Indus II,1.1046829973171657,89.80886473684812,46197.84786372376,0.9071670486317541,21.139031776335266,13.163268052824836,0.9435273021071616,0.8880954016866307,100.79453369279516,0.07040723977404417,82
1015056,KK98 35,1.1302905745640155,85.4975379808325,72242.02278955434,1.1348318651183744,19.370923595767945,18.770633169733863,1.1717263461511291,1.1313262740015564,33.88616494009685,0.2709300906424744,83
1015056,Andromeda V,1.1116657459240993,97.63790220427065,67367.64882468578,1.1286356986180106,19.86300619018038,13.947593759506516,1.0533353610219292,1.0507735349441574,55.556135350095346,0.3452396986503221,5
1015056,"Cassiopeia Dwarf (Cas dSph, Andromeda VII)",1.1464703018503375,87.87799614167618,71820.44982659753,1.0261617487992516,23.167218030445753,16.047501283246447,1.1531391312955297,1.0548179172731351,62.847735283876474,0.2713843208005844,40
1015056,Tucana III,1.0072334995256618,81.25113525596038,29463.64743843337,0.9308191729377172,18.223689506221564,11.515653082593756,0.8754255322574981,0.8241543135623071,128.10006517471658,0.04156839754120134,155
1015056,Sextans Dwarf Sph,0.7794932551133837,66.06487609248693,19722.42530278425,0.8048406531555481,13.294500362494599,9.592214787542103,0.6813612777245214,0.7267818040480878,170.10815772288564,0.01987372863104253,149
1015056,Andromeda XI,0.8108997717983535,69.83572224771848,14925.063923210495,0.5174569846419129,13.294670136995089,8.122803804641498,0.6903114986385219,0.6244712591276453,186.3341648571655,0.017418495579061055,8
1015056,IC 4662 (ESO 102-14),0.9970294922906212,83.28600784101741,22497.252007005824,0.8770279581339064,16.732028041666435,13.085094578754164,0.9988960608735412,0.8346010495037509,138.34161594336018,0.03995161828448024,80
1015056,UGCA 86,0.9005993571705038,78.99752428741887,19834.4839202658,0.6844741858753594,16.024471184819838,8.976246834480754,0.7587795819370519,0.7087112988349075,209.4101448613125,0.025291508834358826,171
1015056,UGC 9240 (DDO 190),0.9517984784714766,76.25012306029089,35158.103748093534,0.5893622782280502,15.445373421816926,7.789124382210282,0.7284158558161146,0.7137850949526101,195.32190141761714,0.020995610334551003,164
1015056,ESO 321-014[70],0.9477541978416928,90.67494300613376,36446.9999228604,0.8665247541918323,16.247409299122282,11.327413050523775,0.8685543827386055,0.9043740993577928,159.25954287026954,0.047829504443082316,56
1015056,Leo P,1.0143907182686107,89.36079106639751,60967.19268613815,1.190085834641654,20.93320653212218,15.581690942149262,1.0177554607085304,1.0898659639644457,62.71457822072074,0.31797768228011536,101
1015056,Cassiopeia II (Andromeda XXX),0.8857935493683471,68.33269890519767,547.581751845496,0.6636517881751787,14.945666540010144,11.814387677374432,0.7536473659121607,0.8104816222786515,176.1136435843684,0.0241293711491758,41
1015056,IC 3104,0.7799205036403483,69.0998704973516,18992.20300083194,0.8283526243007302,13.443046712013526,7.835893511279104,0.6753875250428134,0.6160402998878347,203.07762114297114,0.013036451766586963,78
1015056,Ursa Minor Dwarf,1.0131502695445451,83.02744774807195,100366.5254708492,1.1922838798644864,18.589739301472303,13.131639897763085,0.9486931390910746,0.9702363417412628,82.11540064960519,0.028504606665181963,175
1015056,Andromeda III,1.0130822241549962,88.23903603112335,47698.89778720032,1.007351156352331,17.78933598354183,13.668177810060365,0.9989516829345956,1.0065681767245365,81.12084716051315,0.13720160024834127,3
1015056,Andromeda XXIV,0.7815486604085501,68.53082522514865,17176.37775715824,0.5489542729073077,14.006590813429987,7.625651350874014,0.6023435406702087,0.647579157185023,226.88642039056683,0.020228531388395088,17
1015056,Willman 1,1.0105630687789977,92.5152125723444,61890.593810817576,1.2194347798921434,18.01620657571032,13.395910113772686,1.02053845631351,0.8711333735347953,99.71675653061821,0.034700858468219464,177
1015056,NGC 185,0.9468153108151212,79.96972432027471,21984.70559359976,0.8108403613348725,18.668213846416013,15.350412957782506,0.9052549987984524,1.0348719225712513,149.63180679268487,0.0611762269489533,112
1015056,ESO 540-030 (KDG 2),0.9471676597497896,80.34042810252038,18489.332858109174,0.8868531432851883,15.10566773040122,15.075374107708775,0.7514002105597914,0.9355026304627356,172.23289419576219,0.03759808130987918,60
1015056,DDO 99 (UGC 6817),1.006389045112642,87.03041576157361,40912.449932148666,1.0239045355299654,18.989682617160394,16.159604716365564,0.8920436509744915,1.0258576391538936,109.00469473134487,0.07241077325563694,48
1015056,Grus II,0.9473303937842594,79.2569655481953,25607.3430686122,0.8220514622014135,16.69086989585839,11.696104634779628,0.8620292312455459,0.9452033867383328,144.4236965253221,0.027596331589416656,67
1015056,UGCA 292,1.0035913517480075,82.09369483232139,33309.752852983416,0.945389311289356,16.135348037523972,9.955974574789916,0.8413089292624499,0.848994309777068,151.11644390185782,0.035793080967410185,169
1015056,Pisces III (Andromeda XIII),0.9902198298136888,85.6745838469966,27018.025802874028,0.9743574352278224,17.513038889127706,14.058981380372867,0.9201515012581404,0.9660936488190078,117.95813206424316,0.03934795121513812,136
1015056,Leo V Dwarf,0.8305750936542159,74.88435797303963,27288.28184543752,0.7189878531793424,11.19845196240301,7.246191057030204,0.5875165933715658,0.5382610253178652,218.3232280569211,0.015928900188688092,103
1015056,Andromeda XXIX,0.8306105360520186,68.70776274376536,8836.373492866642,0.4699180772320741,13.003761355221028,7.1519313674495,0.6977769636987136,0.5778137458610649,224.53557338419202,0.02004540405203404,18
1015056,Draco II,0.8525875316825126,77.67437226856754,22399.926482410166,0.6421627470919855,14.47060571328527,6.954351117707852,0.6951807916310988,0.5338765618326053,211.0792377184864,0.023371119168863246,51
1015056,Lacerta I (Andromeda XXXI),0.9584413418764008,81.6419206342084,46357.7212948354,1.0212377925402132,18.130785518300826,12.730063401110261,0.9869539284975096,0.9725398624558872,94.50884148293524,0.07413909543022756,95
1015056,"Leo I Dwarf (DDO 74, UGC 5470)",0.8684323842322977,73.13965484563154,12780.340303499592,0.5660085940247214,14.95307557753725,5.669450112172301,0.6445787088007817,0.5535567450536639,257.9262063843162,0.023905698414304344,98
1015056,UGCA 438 (ESO 407-018),0.9675908336524788,81.0522111192326,27144.049197429125,0.7340018049747445,13.989387465163832,13.507330296397445,0.8342525679535774,0.9137745136719037,174.7844835082224,0.04332749189980234,170
1015056,Barnard's Galaxy (NGC 6822),0.8697254569161721,71.95580527778678,38081.608201031166,0.9687157641264986,17.62353012655418,11.250278404156823,0.7628182828191792,0.7897381544340212,149.35970152429104,0.02583852414893129,28
1015056,"Sextans A (92205, DDO 75)",0.96445291242338,75.59792227069417,30430.381695274704,0.9817419252978126,19.15144099511164,14.037190296868769,1.0381831450112189,0.907925692825836,121.01769344528256,0.14004425940640994,147
1015056,KKH 37 (Mai 16),0.9779324746457276,80.29726104691974,22587.687603398066,0.8120737932767664,19.850897269762065,15.296865403589349,0.9132972681520656,1.0228803409393987,118.0021079995348,0.10120535275333063,87
1015056,Perseus I (Andromeda XXXIII),0.8903726811844968,83.87979628711375,90800.73203629027,1.0973668752008199,17.243624770755524,9.4582806467069,1.0298297121413882,0.7938778267322013,114.66833429891923,0.029892894918634668,129
1015056,Andromeda XXVI,0.8502040719274873,78.82613737684663,14153.04708746219,0.8131877119200612,15.300580363025155,8.52662474113744,0.7002331198769244,0.6959414434329684,185.23728771969257,0.030959553920831606,21
1015056,Boötes I,0.8344617735048563,75.17800695564416,33665.670614349285,0.9234045527043344,14.93184120745616,12.115511141096782,0.8646395168516058,0.7712624580583527,149.31020867343847,0.0256590450048898,29
1015056,Horologium I,0.8963359023147204,86.54377385064518,31257.153997771835,0.7957007887177869,15.718774129835555,8.817633931763561,0.8016109970201508,0.6472532906611097,174.88867046101467,0.036743027141527766,72
1015056,Andromeda Galaxy (M31),0.837170058828187,68.74240382855575,20952.63664808484,0.7571963615652901,14.281498466726143,10.32988031804585,0.7592072517069619,0.8011227477383889,186.0405416191951,0.016824252166084297,0
1015056,KKh 060,0.7763184037718709,68.51318555780354,33319.9140777841,0.894492283410943,13.606300561331302,9.584731642934836,0.8538495872372156,0.8613440064989195,161.23301837932672,0.02248752431638901,90
1015056,"Leo A (Leo III, DDO 69)",0.9556592784238728,80.27553275809744,23173.31222000604,0.8031351609608275,14.785375055943241,9.0001133780418,0.7943919363710731,0.7499909597551913,193.88723928062942,0.030117163535696486,97
1015056,UGC 4879 (VV124)[61],0.8443720827742947,83.09391180534116,14773.862643414934,0.8135961402542851,14.469901094207644,13.964381450851365,0.8479677900039466,0.927700961186798,176.74615419597805,0.06867321593285802,158
1015056,UGCA 276 (DDO 113),0.9564895741048874,84.94784061392541,36689.93994871996,0.8439193829409137,16.400425573721257,11.744170925321573,0.7957454044150698,0.8632174176166098,158.2092846578112,0.018556587671487046,168
1015056,Maffei 2,0.9830240565885022,82.25225895914268,23709.99522647689,0.7267460178375337,11.549790928967688,10.373730219521397,0.7420229405023355,0.7178886778962335,212.8158230181684,0.02361653872979863,109
1015056,Dwingeloo 2,0.9579612199406694,75.18210984709985,13285.080492262974,0.7444564966946646,13.172263598735142,2.8936610197836155,0.632212623383172,0.5567362771800652,222.5920208282056,0.02125347740776073,53
1015056,Horologium II,0.7762231156759085,65.22946194125649,20862.269942077783,0.7429725987677422,11.938978153714087,3.4449986601661187,0.5719022791573839,0.5449216337759919,216.5118650524686,0.018325643887434958,73
1015056,UGCA 15 (DDO 6),0.8861437687859807,82.95203096801484,33709.06481727017,0.9854886559917148,12.640339886176967,13.62996354161941,0.7950924856097912,0.8503445702451997,149.61117090362836,0.024014634042638927,167
1015056,NGC 2403,1.0172462645199938,87.998065481201,32230.24782299312,0.9127131603130918,19.651383387737575,16.03491443737214,1.1097075404088628,1.0106976453623704,117.68461742968177,0.13608612764461805,114
1015056,Grus I,1.063198065279078,91.44215420652701,38902.90461664162,0.9549188655421128,17.806410930439014,11.904012570350845,0.9657333468905284,0.9528041507456548,119.39637241211805,0.06168513940142618,66
1015056,Cas 1 (KK98 19),1.0615701559507815,87.46452256593975,28933.517143859586,0.9554061116817536,19.318795628849767,7.641081966900747,0.9343109728448006,0.7902516219823406,184.0605206006325,0.04400237055228662,39
1015056,Boötes II,1.058936515038344,88.50260480468924,43640.19941432816,0.9990882139009168,17.703713177333373,13.781365546289756,0.8881483821131784,0.9290624619265218,108.90597472082831,0.06934837281636164,30
1015056,Hydra II,0.6838967430907419,62.90817184188477,15088.090463048591,0.7141639133307276,13.392938240898886,9.038309570325062,0.6390910038833545,0.5027960400641427,229.15205676800804,0.018646374817063882,74
1015056,M110 (NGC 205),1.0542611587429558,84.34681687446648,31813.15647923985,0.9293677498545744,13.147651364677095,11.581111515016993,0.8696116039428663,0.6741207659127886,158.91065380078518,0.05674225031386215,104
1015056,ESO 294-010,1.054125453686406,93.22844547759728,83151.07586061294,1.1734676375804658,21.530145759635825,13.17008950275307,1.0459310904826529,1.1210893990387616,55.237101969824074,0.4731186783816829,55
1015056,UGC 4483,0.7078701006473316,72.56953232295395,17308.282127305145,0.5815203244211862,16.16155909106308,7.160409026492236,0.6840558006137301,0.6130031855124675,212.5288238614531,0.02047181246359908,157
1015056,IC 5152,1.0432280151485045,89.56133109942215,28378.07387689882,0.7208657053026261,16.249884936384174,11.240244734375754,0.8551492655541624,0.7128460848268362,150.9224039946408,0.03197605933946679,81
1015056,Reticulum II,0.9354056009016986,78.84973278021387,31418.23005396891,0.9911794731440682,15.661114611185255,15.085970101632226,0.9513077555518432,0.7883823532266291,145.98747454800795,0.05877839555243014,139
1015056,Tucana IV,0.6855943738879139,70.2327333940734,16248.823754268655,0.7227505563739396,14.22901019052618,6.955030508176312,0.7298603754585016,0.5931033441546054,201.7745715718902,0.018399955123613143,156
1015056,KKR 25,0.6531636176012371,59.90137832181025,12800.430641153667,0.7990091146325187,11.807431026356484,7.651883770121577,0.595324600993437,0.6845031807352706,215.20317144220456,0.019483133702952626,89
1015056,Pictor II,1.0758598293109878,92.24113255019276,61234.53359866867,1.0049886612593784,24.955984332995833,15.80966668479248,1.1188193349510516,1.022069361717798,56.92320123571414,0.2417295769081358,132
1015056,Virgo I,0.6184910606133251,57.61325597589799,26919.266980726206,0.5118887701901309,9.389852542048342,4.770357378833754,0.4228009675786717,0.5199433127483529,254.6752817778484,0.01837082966435777,176
1015056,Leo T Dwarf,1.0895337785641617,93.64048472241907,60929.16909770638,1.0214688590256318,23.500505646840118,15.019450291432152,1.0955459078972891,1.1293043462845385,53.757805559922005,0.3992454979881401,102
1015056,Andromeda XXII[57],1.0865828996852775,79.04561441431844,35341.163654899436,1.0962055558128585,17.323342503831462,12.88040779689249,0.911457622825302,0.8729233123908813,113.40886379168457,0.05972430594633316,16
1015056,Tucana Dwarf,1.0817304282542282,93.47866670128641,83937.79278080017,1.1461982935333097,17.426039091603588,15.394644276184694,1.0581789786965974,0.8299934346546434,96.42287453738466,0.5253458574534273,153
1015056,Andromeda I,0.9308548950174734,76.37061609760977,20793.51588996132,0.7860660219660276,15.177869951547784,6.669020074319056,0.6887839567570386,0.6851135765301375,190.12167664745726,0.025843908441661186,1
1015056,KKH 12,0.6445146129885596,61.304861503984526,14578.08840386866,0.479404641783089,13.671035905352266,5.369233887006018,0.6822609270025201,0.4963497437377349,253.51058004858788,0.01762510553532637,86
1015056,UGC 8651 (DDO 181),0.6506880349559838,68.53505264564792,19980.216422039586,0.5569170375941065,8.025688302204154,9.451442670056686,0.5171742809345221,0.5481216601317901,228.86664785280425,0.01668525206516669,161
1015056,FM2000 1,1.0507784023589128,82.46879325256549,32703.544075522866,1.0481988865948648,17.772013382436235,12.802238372776433,0.9521709543702164,1.0147549467748829,125.64894398447443,0.04696662033272847,63
1015056,NGC 5206,0.7614159379999487,69.9170677085408,25382.182629158066,0.8647187916848725,14.67739903210218,8.71335362275601,0.7806274396703218,0.7867518460509508,221.92188939829896,0.019507507385986056,123
1015056,NGC 404,1.0241589695596596,86.0877076655678,36941.98944884103,0.9209644295666868,17.78618422704143,14.240229267373365,1.0111754446112409,0.9839110964930942,142.34470271965998,0.07442760168170026,119
1015056,Fornax Dwarf (E356-G04),1.0209685769860952,91.70591768384178,41778.65110870383,1.0012925227174765,18.590918532055454,15.063490864419956,0.967411070996552,0.8462822819418777,78.78463274435165,0.21222452307435213,64
1015056,Andromeda XVII,0.7608409730547264,65.88303570875267,14036.333501233821,0.679715425487301,12.410096644495287,5.3123374583133405,0.5766654783180939,0.6240401427451323,211.60569291452046,0.021056951468640617,12
1015056,NGC 2366,0.9423931615609488,77.78704741058604,14458.508309232986,0.6771305806408426,13.516309613706705,14.937129000216155,0.916228976071512,0.7812009496614762,122.78346463692108,0.034301110973918865,113
1015056,Sagittarius Dwarf Sphr SagDEG,1.028583348591709,82.93242558217857,29905.51984885408,0.8463549989683821,21.53188110992837,12.46296672451168,0.9326149133623078,1.0821114081144876,86.63939074158323,0.062210843649145524,142
1015056,Antlia B,0.7535076047086987,63.16859938086451,16167.944393393384,0.5630572523144868,14.673566128466652,5.835208675918425,0.6172728484233593,0.5715358963618618,243.1156055323529,0.018822266956007642,24
1015056,MB 1 (KK98 21),1.0234659204351255,84.76449226693096,49952.0975117684,1.0830774601151054,18.933338944132945,16.647473847776624,0.9941010856631124,1.1530073720538179,74.71515449394519,0.1639997222532943,106
1015056,Aquarius II,0.7513030386001359,74.11387570475733,20552.719041120083,0.8860031992059093,14.6087837664476,10.678309746019043,0.7946541976276041,0.8808376018296292,198.98475002255225,0.02282903883005816,27
1015056,Columba I,1.0297041734666132,82.83206307107943,34310.471407799036,0.8550940535897442,18.57858554229805,10.557143369157954,0.9065728130473386,0.8628261211923335,144.89621366176203,0.042324156150834964,45
1015056,"Leo II Dwarf (Leo B, DDO 93)",0.9378688179094088,75.87709818769551,36899.06771925712,0.9294943660066768,16.153856748179063,9.1516647514894,0.8658221843696172,0.7475768421308338,164.6920004533134,0.03672461455139031,99
1015056,Canes Venatici I Dwarf,1.03614387702766,93.54027520141213,37002.97787537492,1.0852451795299147,21.066472568527992,16.66134371108549,0.9838346912894542,1.1007785135446595,63.726436894632656,0.16627086302625316,34
1015056,KKs 3,0.9390341606568404,78.2744266636319,28180.45977023158,0.6876552365096822,9.388910924060255,8.908748344812793,0.7356940027049468,0.6027027812026476,216.80570091894475,0.024187015793245337,93
1015056,NGC 5237,1.0322442100648324,91.64135555247792,73109.21594868955,1.2077459967497628,18.91091988210237,16.202485540568414,1.1716344842446391,1.0850803513797558,63.92465046741066,0.10006923473462837,124
